mean_fit_time,std_fit_time,mean_score_time,std_score_time,param_n_estimators,param_min_samples_split,param_min_samples_leaf,param_max_leaf_nodes,param_max_features,param_max_depth,params,split0_test_score,split1_test_score,split2_test_score,split3_test_score,split4_test_score,mean_test_score,std_test_score,rank_test_score
1.312887954711914,0.028201518335734928,0.20366373062133789,0.001303078288095802,733,38,73,1046,282,934,"{'n_estimators': 733, 'min_samples_split': 38, 'min_samples_leaf': 73, 'max_leaf_nodes': 1046, 'max_features': 282, 'max_depth': 934}",0.625,0.5625,0.5625,0.5625,0.5625,0.575,0.024999999999999998,1
1.2287270069122314,0.035216236046450425,0.12508802413940429,0.04129018810414616,463,63,25,1189,892,579,"{'n_estimators': 463, 'min_samples_split': 63, 'min_samples_leaf': 25, 'max_leaf_nodes': 1189, 'max_features': 892, 'max_depth': 579}",0.625,0.5625,0.5625,0.5625,0.5625,0.575,0.024999999999999998,1
1.4466978549957275,0.06354071934467038,0.20451197624206544,0.0008113204341444142,797,32,83,362,1652,857,"{'n_estimators': 797, 'min_samples_split': 32, 'min_samples_leaf': 83, 'max_leaf_nodes': 362, 'max_features': 1652, 'max_depth': 857}",0.625,0.5625,0.5625,0.5625,0.5625,0.575,0.024999999999999998,1
0.20531892776489258,0.051081596971726456,0.10289907455444336,0.0008297967165318899,93,66,40,132,1871,43,"{'n_estimators': 93, 'min_samples_split': 66, 'min_samples_leaf': 40, 'max_leaf_nodes': 132, 'max_features': 1871, 'max_depth': 43}",0.625,0.5625,0.5625,0.5625,0.5625,0.575,0.024999999999999998,1
0.9601438045501709,0.033809139596600736,0.20332345962524415,0.00035155039311546684,526,34,98,1757,48,554,"{'n_estimators': 526, 'min_samples_split': 34, 'min_samples_leaf': 98, 'max_leaf_nodes': 1757, 'max_features': 48, 'max_depth': 554}",0.625,0.5625,0.5625,0.5625,0.5625,0.575,0.024999999999999998,1
0.47465972900390624,0.030096068146092687,0.10452165603637695,0.0022564622948329145,268,63,86,1856,919,1312,"{'n_estimators': 268, 'min_samples_split': 63, 'min_samples_leaf': 86, 'max_leaf_nodes': 1856, 'max_features': 919, 'max_depth': 1312}",0.625,0.5625,0.5625,0.5625,0.5625,0.575,0.024999999999999998,1
0.5056339740753174,0.020703611436805897,0.10302200317382812,0.0005825152603779352,289,83,38,877,938,304,"{'n_estimators': 289, 'min_samples_split': 83, 'min_samples_leaf': 38, 'max_leaf_nodes': 877, 'max_features': 938, 'max_depth': 304}",0.625,0.5625,0.5625,0.5625,0.5625,0.575,0.024999999999999998,1
0.1479865550994873,0.012788746330801798,0.10385246276855468,0.0012642529478171104,73,68,43,1175,591,1282,"{'n_estimators': 73, 'min_samples_split': 68, 'min_samples_leaf': 43, 'max_leaf_nodes': 1175, 'max_features': 591, 'max_depth': 1282}",0.625,0.5625,0.5625,0.5625,0.5625,0.575,0.024999999999999998,1
0.6733287334442138,0.03336420565353467,0.10291028022766113,0.0002240309664885256,407,94,31,1779,1139,1791,"{'n_estimators': 407, 'min_samples_split': 94, 'min_samples_leaf': 31, 'max_leaf_nodes': 1779, 'max_features': 1139, 'max_depth': 1791}",0.625,0.5625,0.5625,0.5625,0.5625,0.575,0.024999999999999998,1
1.6135192394256592,0.04197298310383462,0.2034207820892334,0.0006830904842484974,916,3,92,439,1855,349,"{'n_estimators': 916, 'min_samples_split': 3, 'min_samples_leaf': 92, 'max_leaf_nodes': 439, 'max_features': 1855, 'max_depth': 349}",0.625,0.5625,0.5625,0.5625,0.5625,0.575,0.024999999999999998,1
1.7852044582366944,0.03342156948871021,0.20318050384521485,0.00041939749736034416,916,29,24,535,167,575,"{'n_estimators': 916, 'min_samples_split': 29, 'min_samples_leaf': 24, 'max_leaf_nodes': 535, 'max_features': 167, 'max_depth': 575}",0.625,0.5625,0.5625,0.5625,0.5625,0.575,0.024999999999999998,1
0.2979258060455322,0.013353859384788088,0.1028674602508545,0.0005923981517257427,142,24,53,1129,496,1360,"{'n_estimators': 142, 'min_samples_split': 24, 'min_samples_leaf': 53, 'max_leaf_nodes': 1129, 'max_features': 496, 'max_depth': 1360}",0.625,0.5625,0.5625,0.5625,0.5625,0.575,0.024999999999999998,1
0.1912142276763916,0.024878537603487853,0.10277395248413086,0.0004767149148650368,101,66,18,975,1129,990,"{'n_estimators': 101, 'min_samples_split': 66, 'min_samples_leaf': 18, 'max_leaf_nodes': 975, 'max_features': 1129, 'max_depth': 990}",0.625,0.5625,0.5625,0.5625,0.5625,0.575,0.024999999999999998,1
0.11560125350952148,0.005536989395584903,0.10293970108032227,0.0008926640281921986,21,71,21,983,132,1100,"{'n_estimators': 21, 'min_samples_split': 71, 'min_samples_leaf': 21, 'max_leaf_nodes': 983, 'max_features': 132, 'max_depth': 1100}",0.625,0.5625,0.5625,0.5625,0.5625,0.575,0.024999999999999998,1
0.8000076293945313,0.05367488983270847,0.10269327163696289,0.00042157705219726796,465,71,63,1769,1116,262,"{'n_estimators': 465, 'min_samples_split': 71, 'min_samples_leaf': 63, 'max_leaf_nodes': 1769, 'max_features': 1116, 'max_depth': 262}",0.625,0.5625,0.5625,0.5625,0.5625,0.575,0.024999999999999998,1
1.1640069007873535,0.03151964499164175,0.2036916732788086,0.0008379424987867393,673,84,14,665,1308,524,"{'n_estimators': 673, 'min_samples_split': 84, 'min_samples_leaf': 14, 'max_leaf_nodes': 665, 'max_features': 1308, 'max_depth': 524}",0.625,0.5625,0.5625,0.5625,0.5625,0.575,0.024999999999999998,1
0.43233509063720704,0.03653010183258048,0.10412349700927734,0.0029569416209030545,223,80,55,1679,1824,1313,"{'n_estimators': 223, 'min_samples_split': 80, 'min_samples_leaf': 55, 'max_leaf_nodes': 1679, 'max_features': 1824, 'max_depth': 1313}",0.625,0.5625,0.5625,0.5625,0.5625,0.575,0.024999999999999998,1
0.2664463520050049,0.01782733755264452,0.10381617546081542,0.0009337265270227796,127,21,49,508,491,290,"{'n_estimators': 127, 'min_samples_split': 21, 'min_samples_leaf': 49, 'max_leaf_nodes': 508, 'max_features': 491, 'max_depth': 290}",0.625,0.5625,0.5625,0.5625,0.5625,0.575,0.024999999999999998,1
0.25513639450073244,0.005483321020859858,0.10348806381225586,0.0009642798282437872,124,68,18,947,1702,384,"{'n_estimators': 124, 'min_samples_split': 68, 'min_samples_leaf': 18, 'max_leaf_nodes': 947, 'max_features': 1702, 'max_depth': 384}",0.625,0.5625,0.5625,0.5625,0.5625,0.575,0.024999999999999998,1
0.8251730918884277,0.054553928582690696,0.10284643173217774,0.00027141638063413724,494,70,27,83,1502,1456,"{'n_estimators': 494, 'min_samples_split': 70, 'min_samples_leaf': 27, 'max_leaf_nodes': 83, 'max_features': 1502, 'max_depth': 1456}",0.625,0.5625,0.5625,0.5625,0.5625,0.575,0.024999999999999998,1
1.0391146659851074,0.013438234649514085,0.2031402111053467,0.00021582280848063642,606,88,81,528,1624,1523,"{'n_estimators': 606, 'min_samples_split': 88, 'min_samples_leaf': 81, 'max_leaf_nodes': 528, 'max_features': 1624, 'max_depth': 1523}",0.625,0.5625,0.5625,0.5625,0.5625,0.575,0.024999999999999998,1
1.7229130744934082,0.07954031461383679,0.2037567138671875,0.0008130706639405061,609,53,7,1840,848,217,"{'n_estimators': 609, 'min_samples_split': 53, 'min_samples_leaf': 7, 'max_leaf_nodes': 1840, 'max_features': 848, 'max_depth': 217}",0.5625,0.5625,0.4375,0.5,0.5625,0.525,0.049999999999999996,89
0.318862247467041,0.025386737501848246,0.10400443077087403,0.0016929086334462194,164,81,38,1159,552,1310,"{'n_estimators': 164, 'min_samples_split': 81, 'min_samples_leaf': 38, 'max_leaf_nodes': 1159, 'max_features': 552, 'max_depth': 1310}",0.625,0.5625,0.5625,0.5625,0.5625,0.575,0.024999999999999998,1
1.441734790802002,0.05484344063979084,0.20333504676818848,0.00037926618602435847,802,37,40,1927,1137,1027,"{'n_estimators': 802, 'min_samples_split': 37, 'min_samples_leaf': 40, 'max_leaf_nodes': 1927, 'max_features': 1137, 'max_depth': 1027}",0.625,0.5625,0.5625,0.5625,0.5625,0.575,0.024999999999999998,1
1.1576489448547362,0.053644059142420965,0.20326099395751954,0.00032604877323094954,669,74,55,1623,1813,65,"{'n_estimators': 669, 'min_samples_split': 74, 'min_samples_leaf': 55, 'max_leaf_nodes': 1623, 'max_features': 1813, 'max_depth': 65}",0.625,0.5625,0.5625,0.5625,0.5625,0.575,0.024999999999999998,1
0.13575325012207032,0.014346064511531984,0.1029841423034668,0.0010636269880393817,59,9,45,17,1917,1116,"{'n_estimators': 59, 'min_samples_split': 9, 'min_samples_leaf': 45, 'max_leaf_nodes': 17, 'max_features': 1917, 'max_depth': 1116}",0.625,0.5625,0.5625,0.5625,0.5625,0.575,0.024999999999999998,1
0.1268977165222168,0.0011396522561300353,0.10274686813354492,0.0002764789922679035,62,33,85,1104,673,1302,"{'n_estimators': 62, 'min_samples_split': 33, 'min_samples_leaf': 85, 'max_leaf_nodes': 1104, 'max_features': 673, 'max_depth': 1302}",0.625,0.5625,0.5625,0.5625,0.5625,0.575,0.024999999999999998,1
3.9244951725006105,0.13755824839582123,0.20730204582214357,0.004724923351604856,854,38,20,1834,1967,1889,"{'n_estimators': 854, 'min_samples_split': 38, 'min_samples_leaf': 20, 'max_leaf_nodes': 1834, 'max_features': 1967, 'max_depth': 1889}",0.5625,0.4375,0.3125,0.5625,0.5625,0.4875,0.1,100
0.6231011867523193,0.008442004874233838,0.107151460647583,0.004438890347925616,301,14,24,1046,230,1410,"{'n_estimators': 301, 'min_samples_split': 14, 'min_samples_leaf': 24, 'max_leaf_nodes': 1046, 'max_features': 230, 'max_depth': 1410}",0.625,0.5625,0.5625,0.5625,0.5625,0.575,0.024999999999999998,1
0.9695191383361816,0.02739800423713107,0.16290159225463868,0.04930663070571634,559,7,41,612,1339,531,"{'n_estimators': 559, 'min_samples_split': 7, 'min_samples_leaf': 41, 'max_leaf_nodes': 612, 'max_features': 1339, 'max_depth': 531}",0.625,0.5625,0.5625,0.5625,0.5625,0.575,0.024999999999999998,1
0.4880478858947754,0.02293913747618618,0.1037135124206543,0.0018196872928937695,282,49,94,1065,1724,1924,"{'n_estimators': 282, 'min_samples_split': 49, 'min_samples_leaf': 94, 'max_leaf_nodes': 1065, 'max_features': 1724, 'max_depth': 1924}",0.625,0.5625,0.5625,0.5625,0.5625,0.575,0.024999999999999998,1
1.151233148574829,0.04627045197906041,0.20314393043518067,0.00034960686527956705,673,76,2,989,1840,233,"{'n_estimators': 673, 'min_samples_split': 76, 'min_samples_leaf': 2, 'max_leaf_nodes': 989, 'max_features': 1840, 'max_depth': 233}",0.625,0.5625,0.5625,0.5625,0.5625,0.575,0.024999999999999998,1
1.408700132369995,0.042214417282685164,0.20309481620788575,0.00044270006039521457,784,78,43,1137,1572,1584,"{'n_estimators': 784, 'min_samples_split': 78, 'min_samples_leaf': 43, 'max_leaf_nodes': 1137, 'max_features': 1572, 'max_depth': 1584}",0.625,0.5625,0.5625,0.5625,0.5625,0.575,0.024999999999999998,1
0.12078018188476562,0.00485494797249374,0.10288400650024414,0.0003818291639665642,24,28,89,1172,397,1078,"{'n_estimators': 24, 'min_samples_split': 28, 'min_samples_leaf': 89, 'max_leaf_nodes': 1172, 'max_features': 397, 'max_depth': 1078}",0.625,0.5625,0.5625,0.5625,0.5625,0.575,0.024999999999999998,1
2.051689100265503,0.164377099523455,0.20368547439575196,0.0008505155854045065,703,51,22,424,1459,1309,"{'n_estimators': 703, 'min_samples_split': 51, 'min_samples_leaf': 22, 'max_leaf_nodes': 424, 'max_features': 1459, 'max_depth': 1309}",0.625,0.5625,0.3125,0.5625,0.5625,0.525,0.10897247358851683,89
0.2374204158782959,0.05704213946208919,0.10543861389160156,0.002950750634458005,107,92,43,17,1846,482,"{'n_estimators': 107, 'min_samples_split': 92, 'min_samples_leaf': 43, 'max_leaf_nodes': 17, 'max_features': 1846, 'max_depth': 482}",0.625,0.5625,0.5625,0.5625,0.5625,0.575,0.024999999999999998,1
1.9629385471343994,0.15439380431225824,0.2046083927154541,0.001279364273750233,640,27,4,179,546,40,"{'n_estimators': 640, 'min_samples_split': 27, 'min_samples_leaf': 4, 'max_leaf_nodes': 179, 'max_features': 546, 'max_depth': 40}",0.5625,0.5625,0.5,0.375,0.5625,0.5125,0.07288689868556626,93
0.16365294456481932,0.004606698685859903,0.10866923332214355,0.004775834502934716,79,83,20,471,1237,612,"{'n_estimators': 79, 'min_samples_split': 83, 'min_samples_leaf': 20, 'max_leaf_nodes': 471, 'max_features': 1237, 'max_depth': 612}",0.625,0.5625,0.5625,0.5625,0.5625,0.575,0.024999999999999998,1
1.5519804000854491,0.10403968755000008,0.20487489700317382,0.002614429749709824,905,16,42,1465,792,741,"{'n_estimators': 905, 'min_samples_split': 16, 'min_samples_leaf': 42, 'max_leaf_nodes': 1465, 'max_features': 792, 'max_depth': 741}",0.625,0.5625,0.5625,0.5625,0.5625,0.575,0.024999999999999998,1
0.4859839916229248,0.07696354530790074,0.10348334312438964,0.0013582367136987185,150,27,7,664,668,329,"{'n_estimators': 150, 'min_samples_split': 27, 'min_samples_leaf': 7, 'max_leaf_nodes': 664, 'max_features': 668, 'max_depth': 329}",0.5625,0.5625,0.5,0.4375,0.5,0.5125,0.04677071733467427,93
1.3998932361602783,0.08935144184964093,0.20391974449157715,0.001523583194688897,811,28,90,841,958,1613,"{'n_estimators': 811, 'min_samples_split': 28, 'min_samples_leaf': 90, 'max_leaf_nodes': 841, 'max_features': 958, 'max_depth': 1613}",0.625,0.5625,0.5625,0.5625,0.5625,0.575,0.024999999999999998,1
1.671640682220459,0.0433514020114739,0.20292677879333496,0.00030823738694983014,940,23,37,844,548,967,"{'n_estimators': 940, 'min_samples_split': 23, 'min_samples_leaf': 37, 'max_leaf_nodes': 844, 'max_features': 548, 'max_depth': 967}",0.625,0.5625,0.5625,0.5625,0.5625,0.575,0.024999999999999998,1
2.065022611618042,0.02677274294226366,0.20374011993408203,0.0004707624441683972,920,9,24,1914,486,1131,"{'n_estimators': 920, 'min_samples_split': 9, 'min_samples_leaf': 24, 'max_leaf_nodes': 1914, 'max_features': 486, 'max_depth': 1131}",0.625,0.5625,0.5625,0.5625,0.5625,0.575,0.024999999999999998,1
1.544001054763794,0.03152436299661268,0.2034428596496582,0.0004968363439185842,910,62,68,313,988,97,"{'n_estimators': 910, 'min_samples_split': 62, 'min_samples_leaf': 68, 'max_leaf_nodes': 313, 'max_features': 988, 'max_depth': 97}",0.625,0.5625,0.5625,0.5625,0.5625,0.575,0.024999999999999998,1
0.8377938747406006,0.013766524422534088,0.10250954627990723,0.00032907818499774104,479,10,45,337,1318,1580,"{'n_estimators': 479, 'min_samples_split': 10, 'min_samples_leaf': 45, 'max_leaf_nodes': 337, 'max_features': 1318, 'max_depth': 1580}",0.625,0.5625,0.5625,0.5625,0.5625,0.575,0.024999999999999998,1
1.2736315727233887,0.0769573119963281,0.20299735069274902,0.0001427847925670149,724,72,14,980,493,62,"{'n_estimators': 724, 'min_samples_split': 72, 'min_samples_leaf': 14, 'max_leaf_nodes': 980, 'max_features': 493, 'max_depth': 62}",0.625,0.5625,0.5625,0.5625,0.5625,0.575,0.024999999999999998,1
2.604926919937134,0.11294618790904067,0.1339714527130127,0.04150866892254224,431,7,6,543,1347,750,"{'n_estimators': 431, 'min_samples_split': 7, 'min_samples_leaf': 6, 'max_leaf_nodes': 543, 'max_features': 1347, 'max_depth': 750}",0.5625,0.4375,0.5625,0.3125,0.625,0.5,0.11180339887498948,98
2.9891427993774413,0.06844025576797376,0.20732078552246094,0.0029475236897873614,913,44,27,705,1853,1448,"{'n_estimators': 913, 'min_samples_split': 44, 'min_samples_leaf': 27, 'max_leaf_nodes': 705, 'max_features': 1853, 'max_depth': 1448}",0.625,0.5625,0.5625,0.5625,0.5625,0.575,0.024999999999999998,1
1.3554792881011963,0.030253310622985974,0.2033860683441162,0.0006770815810267466,773,57,52,544,1243,742,"{'n_estimators': 773, 'min_samples_split': 57, 'min_samples_leaf': 52, 'max_leaf_nodes': 544, 'max_features': 1243, 'max_depth': 742}",0.625,0.5625,0.5625,0.5625,0.5625,0.575,0.024999999999999998,1
1.6633753776550293,0.09265808609587374,0.20402755737304687,0.001989913297408217,562,37,14,880,813,98,"{'n_estimators': 562, 'min_samples_split': 37, 'min_samples_leaf': 14, 'max_leaf_nodes': 880, 'max_features': 813, 'max_depth': 98}",0.625,0.5625,0.5,0.5625,0.5625,0.5625,0.03952847075210474,86
1.0517838954925538,0.06255270812897087,0.2039247512817383,0.002100302836978242,629,72,38,1819,422,794,"{'n_estimators': 629, 'min_samples_split': 72, 'min_samples_leaf': 38, 'max_leaf_nodes': 1819, 'max_features': 422, 'max_depth': 794}",0.625,0.5625,0.5625,0.5625,0.5625,0.575,0.024999999999999998,1
0.2663774013519287,0.013536892472845478,0.10307731628417968,0.0006835404962313394,102,46,28,879,413,1974,"{'n_estimators': 102, 'min_samples_split': 46, 'min_samples_leaf': 28, 'max_leaf_nodes': 879, 'max_features': 413, 'max_depth': 1974}",0.625,0.5625,0.5625,0.5625,0.5625,0.575,0.024999999999999998,1
0.6708061695098877,0.04950167442989806,0.10269074440002442,0.0003363926266629421,400,84,78,1732,1212,93,"{'n_estimators': 400, 'min_samples_split': 84, 'min_samples_leaf': 78, 'max_leaf_nodes': 1732, 'max_features': 1212, 'max_depth': 93}",0.625,0.5625,0.5625,0.5625,0.5625,0.575,0.024999999999999998,1
1.190965175628662,0.021816206841302675,0.20371251106262206,0.0009486118944110666,686,91,35,1631,1692,1611,"{'n_estimators': 686, 'min_samples_split': 91, 'min_samples_leaf': 35, 'max_leaf_nodes': 1631, 'max_features': 1692, 'max_depth': 1611}",0.625,0.5625,0.5625,0.5625,0.5625,0.575,0.024999999999999998,1
0.6817821979522705,0.012992298032181163,0.1030959129333496,0.0013681045302229205,400,36,34,284,437,167,"{'n_estimators': 400, 'min_samples_split': 36, 'min_samples_leaf': 34, 'max_leaf_nodes': 284, 'max_features': 437, 'max_depth': 167}",0.625,0.5625,0.5625,0.5625,0.5625,0.575,0.024999999999999998,1
0.2908024787902832,0.024591979027062914,0.10410032272338868,0.0032872471921284755,142,23,82,920,1707,1686,"{'n_estimators': 142, 'min_samples_split': 23, 'min_samples_leaf': 82, 'max_leaf_nodes': 920, 'max_features': 1707, 'max_depth': 1686}",0.625,0.5625,0.5625,0.5625,0.5625,0.575,0.024999999999999998,1
0.2378206729888916,0.009878397951072421,0.10511527061462403,0.0027630528733114073,61,44,2,974,1401,278,"{'n_estimators': 61, 'min_samples_split': 44, 'min_samples_leaf': 2, 'max_leaf_nodes': 974, 'max_features': 1401, 'max_depth': 278}",0.5625,0.5,0.4375,0.4375,0.625,0.5125,0.07288689868556626,93
1.3144306659698486,0.0387498865823546,0.20364537239074706,0.0007176597345348683,767,88,42,1345,1822,393,"{'n_estimators': 767, 'min_samples_split': 88, 'min_samples_leaf': 42, 'max_leaf_nodes': 1345, 'max_features': 1822, 'max_depth': 393}",0.625,0.5625,0.5625,0.5625,0.5625,0.575,0.024999999999999998,1
1.0144205570220948,0.004694082580948424,0.20378103256225585,0.0013842022871680439,559,59,34,158,1662,395,"{'n_estimators': 559, 'min_samples_split': 59, 'min_samples_leaf': 34, 'max_leaf_nodes': 158, 'max_features': 1662, 'max_depth': 395}",0.625,0.5625,0.5625,0.5625,0.5625,0.575,0.024999999999999998,1
0.2836329936981201,0.01519207225525988,0.10286169052124024,0.0004730122559354138,116,7,64,1389,1145,603,"{'n_estimators': 116, 'min_samples_split': 7, 'min_samples_leaf': 64, 'max_leaf_nodes': 1389, 'max_features': 1145, 'max_depth': 603}",0.625,0.5625,0.5625,0.5625,0.5625,0.575,0.024999999999999998,1
1.3426733493804932,0.09169543752718319,0.20335025787353517,0.0007647030741714823,800,91,4,865,1146,934,"{'n_estimators': 800, 'min_samples_split': 91, 'min_samples_leaf': 4, 'max_leaf_nodes': 865, 'max_features': 1146, 'max_depth': 934}",0.625,0.5625,0.5625,0.5625,0.5625,0.575,0.024999999999999998,1
0.3127130508422852,0.017968527826438225,0.10280780792236328,0.0007391047538902859,162,90,13,862,1467,873,"{'n_estimators': 162, 'min_samples_split': 90, 'min_samples_leaf': 13, 'max_leaf_nodes': 862, 'max_features': 1467, 'max_depth': 873}",0.625,0.5625,0.5625,0.5625,0.5625,0.575,0.024999999999999998,1
0.13792181015014648,0.008490408900885541,0.10303230285644531,0.0008508498905594873,69,72,56,199,872,1280,"{'n_estimators': 69, 'min_samples_split': 72, 'min_samples_leaf': 56, 'max_leaf_nodes': 199, 'max_features': 872, 'max_depth': 1280}",0.625,0.5625,0.5625,0.5625,0.5625,0.575,0.024999999999999998,1
1.4959290981292725,0.05034188206723136,0.20353903770446777,0.0007879361231839035,872,90,71,632,437,272,"{'n_estimators': 872, 'min_samples_split': 90, 'min_samples_leaf': 71, 'max_leaf_nodes': 632, 'max_features': 437, 'max_depth': 272}",0.625,0.5625,0.5625,0.5625,0.5625,0.575,0.024999999999999998,1
0.47054338455200195,0.013059159195211587,0.10298762321472169,0.0009680228458496625,239,44,25,1067,130,626,"{'n_estimators': 239, 'min_samples_split': 44, 'min_samples_leaf': 25, 'max_leaf_nodes': 1067, 'max_features': 130, 'max_depth': 626}",0.625,0.5625,0.5625,0.5625,0.5625,0.575,0.024999999999999998,1
0.9735332489013672,0.05166114659251627,0.18322882652282715,0.04035753038674605,567,64,54,643,1350,1515,"{'n_estimators': 567, 'min_samples_split': 64, 'min_samples_leaf': 54, 'max_leaf_nodes': 643, 'max_features': 1350, 'max_depth': 1515}",0.625,0.5625,0.5625,0.5625,0.5625,0.575,0.024999999999999998,1
1.6460859775543213,0.043133497973914046,0.2029390811920166,0.00037512944404060965,925,3,50,732,1675,638,"{'n_estimators': 925, 'min_samples_split': 3, 'min_samples_leaf': 50, 'max_leaf_nodes': 732, 'max_features': 1675, 'max_depth': 638}",0.625,0.5625,0.5625,0.5625,0.5625,0.575,0.024999999999999998,1
0.714520263671875,0.058097216663307916,0.1027078628540039,0.0003172273653510718,401,94,84,1318,1359,1424,"{'n_estimators': 401, 'min_samples_split': 94, 'min_samples_leaf': 84, 'max_leaf_nodes': 1318, 'max_features': 1359, 'max_depth': 1424}",0.625,0.5625,0.5625,0.5625,0.5625,0.575,0.024999999999999998,1
0.9469035625457763,0.03466073682505126,0.10330638885498047,0.0013356444034323066,330,16,5,339,351,1620,"{'n_estimators': 330, 'min_samples_split': 16, 'min_samples_leaf': 5, 'max_leaf_nodes': 339, 'max_features': 351, 'max_depth': 1620}",0.625,0.5625,0.5,0.5,0.5625,0.55,0.046770717334674264,87
0.7951969146728516,0.04040591699613835,0.10293726921081543,0.00045713685751558775,326,28,1,1339,233,954,"{'n_estimators': 326, 'min_samples_split': 28, 'min_samples_leaf': 1, 'max_leaf_nodes': 1339, 'max_features': 233, 'max_depth': 954}",0.5625,0.5625,0.4375,0.5625,0.5,0.525,0.049999999999999996,89
2.6590163707733154,0.07036296239365362,0.20435719490051268,0.001681331717280535,784,64,3,827,1581,1717,"{'n_estimators': 784, 'min_samples_split': 64, 'min_samples_leaf': 3, 'max_leaf_nodes': 827, 'max_features': 1581, 'max_depth': 1717}",0.625,0.5625,0.375,0.375,0.625,0.5125,0.11456439237389601,93
2.780098247528076,0.07223674909811223,0.26444711685180666,0.04986541827712581,947,63,18,336,1314,1888,"{'n_estimators': 947, 'min_samples_split': 63, 'min_samples_leaf': 18, 'max_leaf_nodes': 336, 'max_features': 1314, 'max_depth': 1888}",0.625,0.4375,0.375,0.5625,0.5625,0.5125,0.09185586535436917,93
0.8175095081329345,0.020776779213325786,0.10340166091918945,0.0010754052516254197,474,4,74,240,245,490,"{'n_estimators': 474, 'min_samples_split': 4, 'min_samples_leaf': 74, 'max_leaf_nodes': 240, 'max_features': 245, 'max_depth': 490}",0.625,0.5625,0.5625,0.5625,0.5625,0.575,0.024999999999999998,1
0.273946475982666,0.013972649153361057,0.10296006202697754,0.0005325154919250223,119,78,50,150,229,400,"{'n_estimators': 119, 'min_samples_split': 78, 'min_samples_leaf': 50, 'max_leaf_nodes': 150, 'max_features': 229, 'max_depth': 400}",0.625,0.5625,0.5625,0.5625,0.5625,0.575,0.024999999999999998,1
1.0443948268890382,0.09515992595994645,0.2029885768890381,0.00020681309851607963,617,94,30,898,1662,1281,"{'n_estimators': 617, 'min_samples_split': 94, 'min_samples_leaf': 30, 'max_leaf_nodes': 898, 'max_features': 1662, 'max_depth': 1281}",0.625,0.5625,0.5625,0.5625,0.5625,0.575,0.024999999999999998,1
1.5245831489562989,0.032104072563171625,0.20495214462280273,0.0017257186615522732,854,83,22,903,1444,678,"{'n_estimators': 854, 'min_samples_split': 83, 'min_samples_leaf': 22, 'max_leaf_nodes': 903, 'max_features': 1444, 'max_depth': 678}",0.625,0.5625,0.5625,0.5625,0.5625,0.575,0.024999999999999998,1
1.1621992588043213,0.04222496765516835,0.10494747161865234,0.0026574223665560893,428,26,30,1566,1115,1931,"{'n_estimators': 428, 'min_samples_split': 26, 'min_samples_leaf': 30, 'max_leaf_nodes': 1566, 'max_features': 1115, 'max_depth': 1931}",0.625,0.5625,0.5625,0.5625,0.5625,0.575,0.024999999999999998,1
0.33751349449157714,0.04306240507357668,0.10313544273376465,0.0005610566711364882,120,49,19,722,1419,1764,"{'n_estimators': 120, 'min_samples_split': 49, 'min_samples_leaf': 19, 'max_leaf_nodes': 722, 'max_features': 1419, 'max_depth': 1764}",0.625,0.4375,0.3125,0.5625,0.5625,0.5,0.11180339887498948,98
0.9746278762817383,0.03813650918824542,0.10492277145385742,0.0026531332606740165,348,48,3,1249,661,834,"{'n_estimators': 348, 'min_samples_split': 48, 'min_samples_leaf': 3, 'max_leaf_nodes': 1249, 'max_features': 661, 'max_depth': 834}",0.5625,0.5625,0.4375,0.5,0.5625,0.525,0.049999999999999996,89
0.8884301662445069,0.043811376050073396,0.14280519485473633,0.04899872837232064,508,29,87,1288,39,182,"{'n_estimators': 508, 'min_samples_split': 29, 'min_samples_leaf': 87, 'max_leaf_nodes': 1288, 'max_features': 39, 'max_depth': 182}",0.625,0.5625,0.5625,0.5625,0.5625,0.575,0.024999999999999998,1
0.11819705963134766,0.0031450033895471133,0.10302329063415527,0.0004823486100419383,20,38,66,1798,647,626,"{'n_estimators': 20, 'min_samples_split': 38, 'min_samples_leaf': 66, 'max_leaf_nodes': 1798, 'max_features': 647, 'max_depth': 626}",0.625,0.5625,0.5625,0.5625,0.5625,0.575,0.024999999999999998,1
0.4324672222137451,0.03187626816256336,0.10280437469482422,0.00011371515533407093,237,53,85,697,812,726,"{'n_estimators': 237, 'min_samples_split': 53, 'min_samples_leaf': 85, 'max_leaf_nodes': 697, 'max_features': 812, 'max_depth': 726}",0.625,0.5625,0.5625,0.5625,0.5625,0.575,0.024999999999999998,1
1.1509825229644775,0.055872858696764574,0.20289835929870606,0.00024417985846765386,687,83,4,89,351,369,"{'n_estimators': 687, 'min_samples_split': 83, 'min_samples_leaf': 4, 'max_leaf_nodes': 89, 'max_features': 351, 'max_depth': 369}",0.625,0.5625,0.5625,0.5625,0.5625,0.575,0.024999999999999998,1
0.8459456920623779,0.06849381409657998,0.10256280899047851,0.0003755050265360937,472,48,94,1827,1302,1590,"{'n_estimators': 472, 'min_samples_split': 48, 'min_samples_leaf': 94, 'max_leaf_nodes': 1827, 'max_features': 1302, 'max_depth': 1590}",0.625,0.5625,0.5625,0.5625,0.5625,0.575,0.024999999999999998,1
1.0256596088409424,0.040261136679509195,0.18304381370544434,0.04017806428932,574,82,68,1892,104,488,"{'n_estimators': 574, 'min_samples_split': 82, 'min_samples_leaf': 68, 'max_leaf_nodes': 1892, 'max_features': 104, 'max_depth': 488}",0.625,0.5625,0.5625,0.5625,0.5625,0.575,0.024999999999999998,1
1.061080551147461,0.08258047687624191,0.20334558486938475,0.00026481199556415265,610,26,79,465,626,453,"{'n_estimators': 610, 'min_samples_split': 26, 'min_samples_leaf': 79, 'max_leaf_nodes': 465, 'max_features': 626, 'max_depth': 453}",0.625,0.5625,0.5625,0.5625,0.5625,0.575,0.024999999999999998,1
1.5537580490112304,0.03998540389158765,0.20342836380004883,0.0006665565157799143,903,78,26,2,708,1267,"{'n_estimators': 903, 'min_samples_split': 78, 'min_samples_leaf': 26, 'max_leaf_nodes': 2, 'max_features': 708, 'max_depth': 1267}",0.625,0.5625,0.5625,0.5625,0.5625,0.575,0.024999999999999998,1
1.177929973602295,0.03394922859588843,0.20382699966430665,0.0008443473469430158,661,64,76,1791,1563,450,"{'n_estimators': 661, 'min_samples_split': 64, 'min_samples_leaf': 76, 'max_leaf_nodes': 1791, 'max_features': 1563, 'max_depth': 450}",0.625,0.5625,0.5625,0.5625,0.5625,0.575,0.024999999999999998,1
2.0706791400909426,0.10199749051989757,0.20645780563354493,0.00214315653719241,571,37,16,356,1245,1019,"{'n_estimators': 571, 'min_samples_split': 37, 'min_samples_leaf': 16, 'max_leaf_nodes': 356, 'max_features': 1245, 'max_depth': 1019}",0.5625,0.5625,0.4375,0.5625,0.5625,0.5375,0.049999999999999996,88
1.5145200729370116,0.049427404117077606,0.20425400733947754,0.0007391673885740185,884,46,63,912,1688,202,"{'n_estimators': 884, 'min_samples_split': 46, 'min_samples_leaf': 63, 'max_leaf_nodes': 912, 'max_features': 1688, 'max_depth': 202}",0.625,0.5625,0.5625,0.5625,0.5625,0.575,0.024999999999999998,1
0.48758902549743655,0.03069904190055484,0.10753936767578125,0.0077989555401705305,286,29,92,1341,1040,1591,"{'n_estimators': 286, 'min_samples_split': 29, 'min_samples_leaf': 92, 'max_leaf_nodes': 1341, 'max_features': 1040, 'max_depth': 1591}",0.625,0.5625,0.5625,0.5625,0.5625,0.575,0.024999999999999998,1
1.8809601306915282,0.04024333392928326,0.2234416961669922,0.04035014424561618,997,10,22,434,199,1878,"{'n_estimators': 997, 'min_samples_split': 10, 'min_samples_leaf': 22, 'max_leaf_nodes': 434, 'max_features': 199, 'max_depth': 1878}",0.625,0.5625,0.5625,0.5625,0.5625,0.575,0.024999999999999998,1
1.2815780639648438,0.02350802617668286,0.10580234527587891,0.003216358599185645,369,49,31,621,1969,291,"{'n_estimators': 369, 'min_samples_split': 49, 'min_samples_leaf': 31, 'max_leaf_nodes': 621, 'max_features': 1969, 'max_depth': 291}",0.625,0.5625,0.5625,0.5625,0.5625,0.575,0.024999999999999998,1
1.3638627529144287,0.022420187441510298,0.20381555557250977,0.0010362551419617232,779,88,27,9,809,1650,"{'n_estimators': 779, 'min_samples_split': 88, 'min_samples_leaf': 27, 'max_leaf_nodes': 9, 'max_features': 809, 'max_depth': 1650}",0.625,0.5625,0.5625,0.5625,0.5625,0.575,0.024999999999999998,1
1.5340205669403075,0.03855412799458087,0.203179931640625,0.00023606201934979154,860,9,46,876,1881,1394,"{'n_estimators': 860, 'min_samples_split': 9, 'min_samples_leaf': 46, 'max_leaf_nodes': 876, 'max_features': 1881, 'max_depth': 1394}",0.625,0.5625,0.5625,0.5625,0.5625,0.575,0.024999999999999998,1
1.4869277954101563,0.04054259218210919,0.20349764823913574,0.0009024572866131611,856,38,68,259,355,772,"{'n_estimators': 856, 'min_samples_split': 38, 'min_samples_leaf': 68, 'max_leaf_nodes': 259, 'max_features': 355, 'max_depth': 772}",0.625,0.5625,0.5625,0.5625,0.5625,0.575,0.024999999999999998,1
0.6553350448608398,0.039018396893487316,0.1030390739440918,0.0005601550299523301,363,54,78,1501,32,622,"{'n_estimators': 363, 'min_samples_split': 54, 'min_samples_leaf': 78, 'max_leaf_nodes': 1501, 'max_features': 32, 'max_depth': 622}",0.625,0.5625,0.5625,0.5625,0.5625,0.575,0.024999999999999998,1
1.2068439960479735,0.07360938738802755,0.20415802001953126,0.0019200354309734209,691,4,89,1856,376,285,"{'n_estimators': 691, 'min_samples_split': 4, 'min_samples_leaf': 89, 'max_leaf_nodes': 1856, 'max_features': 376, 'max_depth': 285}",0.625,0.5625,0.5625,0.5625,0.5625,0.575,0.024999999999999998,1
0.15877790451049806,0.010011830696341425,0.10317702293395996,0.0004954530227576928,73,72,49,381,1472,305,"{'n_estimators': 73, 'min_samples_split': 72, 'min_samples_leaf': 49, 'max_leaf_nodes': 381, 'max_features': 1472, 'max_depth': 305}",0.625,0.5625,0.5625,0.5625,0.5625,0.575,0.024999999999999998,1
1.289672327041626,0.07864071008481678,0.20304365158081056,0.00037691699869455,764,77,74,892,1125,1693,"{'n_estimators': 764, 'min_samples_split': 77, 'min_samples_leaf': 74, 'max_leaf_nodes': 892, 'max_features': 1125, 'max_depth': 1693}",0.625,0.5625,0.5625,0.5625,0.5625,0.575,0.024999999999999998,1
