mean_fit_time,std_fit_time,mean_score_time,std_score_time,param_n_estimators,param_min_samples_split,param_min_samples_leaf,param_max_leaf_nodes,param_max_features,param_max_depth,param_criterion,params,split0_test_score,split1_test_score,split2_test_score,split3_test_score,split4_test_score,mean_test_score,std_test_score,rank_test_score
1.7609855651855468,0.09722357719919307,0.20383696556091307,0.0007085922973051299,733,38,73,1046,102,1158,gini,"{'n_estimators': 733, 'min_samples_split': 38, 'min_samples_leaf': 73, 'max_leaf_nodes': 1046, 'max_features': 102, 'max_depth': 1158, 'criterion': 'gini'}",0.2972972972972973,0.2972972972972973,0.2972972972972973,0.2702702702702703,0.2702702702702703,0.2864864864864865,0.013240485096125286,117
0.2880240917205811,0.007710524185396198,0.10411462783813477,0.0015566839377517694,106,22,98,244,1097,539,entropy,"{'n_estimators': 106, 'min_samples_split': 22, 'min_samples_leaf': 98, 'max_leaf_nodes': 244, 'max_features': 1097, 'max_depth': 539, 'criterion': 'entropy'}",0.2972972972972973,0.2972972972972973,0.2972972972972973,0.2702702702702703,0.2702702702702703,0.2864864864864865,0.013240485096125286,117
2.0570141792297365,0.08986695854273176,0.2109376907348633,0.009824236907135157,463,63,25,1189,262,718,gini,"{'n_estimators': 463, 'min_samples_split': 63, 'min_samples_leaf': 25, 'max_leaf_nodes': 1189, 'max_features': 262, 'max_depth': 718, 'criterion': 'gini'}",0.6756756756756757,0.5945945945945946,0.6216216216216216,0.7027027027027027,0.5405405405405406,0.6270270270270271,0.05771393649746654,31
0.566592788696289,0.051482112695303256,0.10875482559204101,0.006686346978408045,27,29,15,1782,437,1475,entropy,"{'n_estimators': 27, 'min_samples_split': 29, 'min_samples_leaf': 15, 'max_leaf_nodes': 1782, 'max_features': 437, 'max_depth': 1475, 'criterion': 'entropy'}",0.7297297297297297,0.6756756756756757,0.5945945945945946,0.7027027027027027,0.7837837837837838,0.6972972972972973,0.06257209136643364,12
1.8091169357299806,0.06870412682884285,0.20438718795776367,0.002476695243053601,797,32,83,362,671,1063,gini,"{'n_estimators': 797, 'min_samples_split': 32, 'min_samples_leaf': 83, 'max_leaf_nodes': 362, 'max_features': 671, 'max_depth': 1063, 'criterion': 'gini'}",0.2972972972972973,0.2972972972972973,0.2972972972972973,0.2702702702702703,0.2702702702702703,0.2864864864864865,0.013240485096125286,117
0.9440922737121582,0.05546754975681093,0.10337910652160645,0.0007676052623264189,378,11,58,462,543,1146,entropy,"{'n_estimators': 378, 'min_samples_split': 11, 'min_samples_leaf': 58, 'max_leaf_nodes': 462, 'max_features': 543, 'max_depth': 1146, 'criterion': 'entropy'}",0.2972972972972973,0.2972972972972973,0.2972972972972973,0.2702702702702703,0.2702702702702703,0.2864864864864865,0.013240485096125286,117
0.2571371555328369,0.007889811943967333,0.10272140502929687,0.00022394048833205302,93,66,40,132,17,54,gini,"{'n_estimators': 93, 'min_samples_split': 66, 'min_samples_leaf': 40, 'max_leaf_nodes': 132, 'max_features': 17, 'max_depth': 54, 'criterion': 'gini'}",0.5405405405405406,0.5405405405405406,0.5405405405405406,0.5675675675675675,0.4594594594594595,0.5297297297297299,0.03666124315202847,85
1.2792961597442627,0.03329538415835804,0.12300405502319336,0.04042700216578373,526,34,98,1757,1020,686,gini,"{'n_estimators': 526, 'min_samples_split': 34, 'min_samples_leaf': 98, 'max_leaf_nodes': 1757, 'max_features': 1020, 'max_depth': 686, 'criterion': 'gini'}",0.2972972972972973,0.2972972972972973,0.2972972972972973,0.2702702702702703,0.2702702702702703,0.2864864864864865,0.013240485096125286,117
0.630961799621582,0.06670292000309114,0.10319914817810058,0.0006312493164450526,268,63,86,1856,424,1627,gini,"{'n_estimators': 268, 'min_samples_split': 63, 'min_samples_leaf': 86, 'max_leaf_nodes': 1856, 'max_features': 424, 'max_depth': 1627, 'criterion': 'gini'}",0.2972972972972973,0.2972972972972973,0.2972972972972973,0.2702702702702703,0.2702702702702703,0.2864864864864865,0.013240485096125286,117
1.097818422317505,0.039982389272683744,0.10451683998107911,0.0019170184919530017,289,83,38,877,209,377,gini,"{'n_estimators': 289, 'min_samples_split': 83, 'min_samples_leaf': 38, 'max_leaf_nodes': 877, 'max_features': 209, 'max_depth': 377, 'criterion': 'gini'}",0.7297297297297297,0.5945945945945946,0.5675675675675675,0.5945945945945946,0.4864864864864865,0.5945945945945945,0.07833176619561857,49
0.7600091934204102,0.032776856309550344,0.10669136047363281,0.0059855614140138114,73,68,43,1175,1374,1589,gini,"{'n_estimators': 73, 'min_samples_split': 68, 'min_samples_leaf': 43, 'max_leaf_nodes': 1175, 'max_features': 1374, 'max_depth': 1589, 'criterion': 'gini'}",0.5405405405405406,0.4864864864864865,0.5405405405405406,0.5945945945945946,0.43243243243243246,0.518918918918919,0.055124535282084164,96
13.336277341842651,0.6055309875601568,0.21226649284362792,0.006862938640128843,786,49,32,1387,1026,1258,entropy,"{'n_estimators': 786, 'min_samples_split': 49, 'min_samples_leaf': 32, 'max_leaf_nodes': 1387, 'max_features': 1026, 'max_depth': 1258, 'criterion': 'entropy'}",0.6756756756756757,0.43243243243243246,0.5405405405405406,0.4864864864864865,0.4864864864864865,0.5243243243243243,0.08303941349047142,94
0.667195987701416,0.0437924313160021,0.11782784461975097,0.0030825398763639775,281,95,98,1157,976,1310,entropy,"{'n_estimators': 281, 'min_samples_split': 95, 'min_samples_leaf': 98, 'max_leaf_nodes': 1157, 'max_features': 976, 'max_depth': 1310, 'criterion': 'entropy'}",0.2972972972972973,0.2972972972972973,0.2972972972972973,0.2702702702702703,0.2702702702702703,0.2864864864864865,0.013240485096125286,117
3.4174519062042235,0.14574992428396202,0.13233590126037598,0.04116005182337158,407,94,31,1779,752,223,entropy,"{'n_estimators': 407, 'min_samples_split': 94, 'min_samples_leaf': 31, 'max_leaf_nodes': 1779, 'max_features': 752, 'max_depth': 223, 'criterion': 'entropy'}",0.6486486486486487,0.5135135135135135,0.5135135135135135,0.5135135135135135,0.5405405405405406,0.5459459459459459,0.05240734980990628,77
2.080583906173706,0.10481629022801286,0.20629305839538575,0.005737802688453718,916,3,92,439,820,433,gini,"{'n_estimators': 916, 'min_samples_split': 3, 'min_samples_leaf': 92, 'max_leaf_nodes': 439, 'max_features': 820, 'max_depth': 433, 'criterion': 'gini'}",0.2972972972972973,0.2972972972972973,0.2972972972972973,0.2702702702702703,0.2702702702702703,0.2864864864864865,0.013240485096125286,117
13.587367296218872,0.81223270275141,0.24938020706176758,0.05610044653752263,916,29,24,535,1211,712,gini,"{'n_estimators': 916, 'min_samples_split': 29, 'min_samples_leaf': 24, 'max_leaf_nodes': 535, 'max_features': 1211, 'max_depth': 712, 'criterion': 'gini'}",0.7027027027027027,0.5675675675675675,0.5405405405405406,0.7027027027027027,0.6216216216216216,0.6270270270270271,0.06707931700535599,31
0.7170750617980957,0.05992161752211165,0.11333727836608887,0.006002189239418423,284,43,56,5,582,743,entropy,"{'n_estimators': 284, 'min_samples_split': 43, 'min_samples_leaf': 56, 'max_leaf_nodes': 5, 'max_features': 582, 'max_depth': 743, 'criterion': 'entropy'}",0.2972972972972973,0.2972972972972973,0.2972972972972973,0.2702702702702703,0.2702702702702703,0.2864864864864865,0.013240485096125286,117
0.23698062896728517,0.07408991428328153,0.11705584526062011,0.0018608432753384142,63,22,90,345,943,684,entropy,"{'n_estimators': 63, 'min_samples_split': 22, 'min_samples_leaf': 90, 'max_leaf_nodes': 345, 'max_features': 943, 'max_depth': 684, 'criterion': 'entropy'}",0.2972972972972973,0.2972972972972973,0.2972972972972973,0.2702702702702703,0.2702702702702703,0.2864864864864865,0.013240485096125286,117
3.783638095855713,0.23482291751548262,0.11240472793579101,0.008223070179758875,283,53,29,1644,674,818,entropy,"{'n_estimators': 283, 'min_samples_split': 53, 'min_samples_leaf': 29, 'max_leaf_nodes': 1644, 'max_features': 674, 'max_depth': 818, 'criterion': 'entropy'}",0.6486486486486487,0.5135135135135135,0.5675675675675675,0.6486486486486487,0.5405405405405406,0.5837837837837838,0.05565205481614597,54
0.4121960163116455,0.03631127659956425,0.1103982925415039,0.008495196446108596,142,24,53,1129,856,1686,gini,"{'n_estimators': 142, 'min_samples_split': 24, 'min_samples_leaf': 53, 'max_leaf_nodes': 1129, 'max_features': 856, 'max_depth': 1686, 'criterion': 'gini'}",0.2972972972972973,0.2972972972972973,0.2972972972972973,0.2702702702702703,0.2702702702702703,0.2864864864864865,0.013240485096125286,117
0.35125222206115725,0.035534882393368356,0.10266733169555664,0.0007098246530286808,101,66,18,975,67,1228,gini,"{'n_estimators': 101, 'min_samples_split': 66, 'min_samples_leaf': 18, 'max_leaf_nodes': 975, 'max_features': 67, 'max_depth': 1228, 'criterion': 'gini'}",0.6216216216216216,0.5945945945945946,0.5675675675675675,0.6486486486486487,0.6486486486486487,0.6162162162162163,0.03151865889105569,41
0.22391996383666993,0.013334947674129969,0.11661944389343262,0.007152751582370086,21,71,21,983,1365,1363,gini,"{'n_estimators': 21, 'min_samples_split': 71, 'min_samples_leaf': 21, 'max_leaf_nodes': 983, 'max_features': 1365, 'max_depth': 1363, 'criterion': 'gini'}",0.5675675675675675,0.40540540540540543,0.5675675675675675,0.5675675675675675,0.4864864864864865,0.5189189189189188,0.06486486486486485,101
1.0791295528411866,0.09151935758303993,0.10390229225158691,0.0028573531353139345,465,71,63,1769,243,325,gini,"{'n_estimators': 465, 'min_samples_split': 71, 'min_samples_leaf': 63, 'max_leaf_nodes': 1769, 'max_features': 243, 'max_depth': 325, 'criterion': 'gini'}",0.2972972972972973,0.2972972972972973,0.2972972972972973,0.2702702702702703,0.2702702702702703,0.2864864864864865,0.013240485096125286,117
3.363292169570923,0.12172542031293516,0.20598978996276857,0.002698104729930727,673,84,14,665,336,650,gini,"{'n_estimators': 673, 'min_samples_split': 84, 'min_samples_leaf': 14, 'max_leaf_nodes': 665, 'max_features': 336, 'max_depth': 650, 'criterion': 'gini'}",0.6486486486486487,0.5945945945945946,0.6216216216216216,0.5945945945945946,0.5405405405405406,0.6,0.03585540313897729,46
0.5675076961517334,0.016359485476007702,0.10693821907043458,0.004111457405738332,223,80,55,1679,105,1629,gini,"{'n_estimators': 223, 'min_samples_split': 80, 'min_samples_leaf': 55, 'max_leaf_nodes': 1679, 'max_features': 105, 'max_depth': 1629, 'criterion': 'gini'}",0.2972972972972973,0.2972972972972973,0.2972972972972973,0.2702702702702703,0.2702702702702703,0.2864864864864865,0.013240485096125286,117
0.5574801921844482,0.004731374967962398,0.10721378326416016,0.005937821526476587,82,59,44,1080,644,1715,entropy,"{'n_estimators': 82, 'min_samples_split': 59, 'min_samples_leaf': 44, 'max_leaf_nodes': 1080, 'max_features': 644, 'max_depth': 1715, 'criterion': 'entropy'}",0.5945945945945946,0.4864864864864865,0.5945945945945946,0.6216216216216216,0.5135135135135135,0.5621621621621622,0.05240734980990626,66
0.38913512229919434,0.01728824794892826,0.10808000564575196,0.008394192834649884,127,21,49,508,788,359,gini,"{'n_estimators': 127, 'min_samples_split': 21, 'min_samples_leaf': 49, 'max_leaf_nodes': 508, 'max_features': 788, 'max_depth': 359, 'criterion': 'gini'}",0.4594594594594595,0.3783783783783784,0.3783783783783784,0.2702702702702703,0.2702702702702703,0.3513513513513513,0.07252112359458777,115
1.621871328353882,0.043899050978104794,0.11909770965576172,0.008287984738355942,124,68,18,947,1324,476,gini,"{'n_estimators': 124, 'min_samples_split': 68, 'min_samples_leaf': 18, 'max_leaf_nodes': 947, 'max_features': 1324, 'max_depth': 476, 'criterion': 'gini'}",0.6216216216216216,0.4864864864864865,0.5675675675675675,0.5675675675675675,0.5135135135135135,0.5513513513513513,0.04712323182206132,74
2.336292791366577,0.07684603161100392,0.12694849967956542,0.04323443373939139,494,70,27,83,350,1806,gini,"{'n_estimators': 494, 'min_samples_split': 70, 'min_samples_leaf': 27, 'max_leaf_nodes': 83, 'max_features': 350, 'max_depth': 1806, 'criterion': 'gini'}",0.6486486486486487,0.5945945945945946,0.6486486486486487,0.5675675675675675,0.5405405405405406,0.6,0.04324324324324325,46
0.6397409915924073,0.06769038734842851,0.10416674613952637,0.002483467776294942,276,97,79,1617,1325,1542,entropy,"{'n_estimators': 276, 'min_samples_split': 97, 'min_samples_leaf': 79, 'max_leaf_nodes': 1617, 'max_features': 1325, 'max_depth': 1542, 'criterion': 'entropy'}",0.2972972972972973,0.2972972972972973,0.2972972972972973,0.2702702702702703,0.2702702702702703,0.2864864864864865,0.013240485096125286,117
1.3828769207000733,0.10300747348749417,0.16427502632141114,0.04760041605967147,606,88,81,528,625,1889,gini,"{'n_estimators': 606, 'min_samples_split': 88, 'min_samples_leaf': 81, 'max_leaf_nodes': 528, 'max_features': 625, 'max_depth': 1889, 'criterion': 'gini'}",0.2972972972972973,0.2972972972972973,0.2972972972972973,0.2702702702702703,0.2702702702702703,0.2864864864864865,0.013240485096125286,117
3.570304822921753,0.1214435517279801,0.18998122215270996,0.0423307940196715,609,53,7,1840,281,269,gini,"{'n_estimators': 609, 'min_samples_split': 53, 'min_samples_leaf': 7, 'max_leaf_nodes': 1840, 'max_features': 281, 'max_depth': 269, 'criterion': 'gini'}",0.6486486486486487,0.6216216216216216,0.6486486486486487,0.7567567567567568,0.6756756756756757,0.6702702702702702,0.046499055497527725,15
1.2963525295257567,0.08540829889505444,0.11015119552612304,0.004318399681115126,164,81,38,1159,894,1624,gini,"{'n_estimators': 164, 'min_samples_split': 81, 'min_samples_leaf': 38, 'max_leaf_nodes': 1159, 'max_features': 894, 'max_depth': 1624, 'criterion': 'gini'}",0.5945945945945946,0.4864864864864865,0.5675675675675675,0.4864864864864865,0.5135135135135135,0.5297297297297298,0.04391372110614033,87
0.8697490692138672,0.04163507523393162,0.10266680717468261,0.0003703386234128097,380,39,89,1003,255,1730,entropy,"{'n_estimators': 380, 'min_samples_split': 39, 'min_samples_leaf': 89, 'max_leaf_nodes': 1003, 'max_features': 255, 'max_depth': 1730, 'criterion': 'entropy'}",0.2972972972972973,0.2972972972972973,0.2972972972972973,0.2702702702702703,0.2702702702702703,0.2864864864864865,0.013240485096125286,117
9.239046096801758,0.3041296494987464,0.20612993240356445,0.004735068401780916,802,37,40,1927,1506,1273,gini,"{'n_estimators': 802, 'min_samples_split': 37, 'min_samples_leaf': 40, 'max_leaf_nodes': 1927, 'max_features': 1506, 'max_depth': 1273, 'criterion': 'gini'}",0.6216216216216216,0.4594594594594595,0.5675675675675675,0.4864864864864865,0.4864864864864865,0.5243243243243243,0.06067552519092876,94
1.3719737529754639,0.08210912665491452,0.19470229148864746,0.03494856642618911,669,74,55,1623,418,81,gini,"{'n_estimators': 669, 'min_samples_split': 74, 'min_samples_leaf': 55, 'max_leaf_nodes': 1623, 'max_features': 418, 'max_depth': 81, 'criterion': 'gini'}",0.2972972972972973,0.2972972972972973,0.2972972972972973,0.2702702702702703,0.2702702702702703,0.2864864864864865,0.013240485096125286,117
0.5514276027679443,0.08726079526479091,0.10786099433898926,0.005118151377620614,59,9,45,17,1287,1384,gini,"{'n_estimators': 59, 'min_samples_split': 9, 'min_samples_leaf': 45, 'max_leaf_nodes': 17, 'max_features': 1287, 'max_depth': 1384, 'criterion': 'gini'}",0.5675675675675675,0.5135135135135135,0.4864864864864865,0.43243243243243246,0.5945945945945946,0.518918918918919,0.05771393649746654,96
9.02309627532959,0.38475529706025713,0.19391775131225586,0.0462898396852587,523,30,32,786,1082,1306,entropy,"{'n_estimators': 523, 'min_samples_split': 30, 'min_samples_leaf': 32, 'max_leaf_nodes': 786, 'max_features': 1082, 'max_depth': 1306, 'criterion': 'entropy'}",0.6756756756756757,0.43243243243243246,0.5405405405405406,0.4864864864864865,0.5135135135135135,0.5297297297297298,0.08126106150471842,87
0.2155766010284424,0.06418915726776604,0.11857819557189941,0.004394087907743164,62,33,85,1104,1141,1614,gini,"{'n_estimators': 62, 'min_samples_split': 33, 'min_samples_leaf': 85, 'max_leaf_nodes': 1104, 'max_features': 1141, 'max_depth': 1614, 'criterion': 'gini'}",0.2972972972972973,0.2972972972972973,0.2972972972972973,0.2702702702702703,0.2702702702702703,0.2864864864864865,0.013240485096125286,117
12.788980150222779,0.1845212994921582,0.23712339401245117,0.04465641664653403,853,74,17,688,562,1925,entropy,"{'n_estimators': 853, 'min_samples_split': 74, 'min_samples_leaf': 17, 'max_leaf_nodes': 688, 'max_features': 562, 'max_depth': 1925, 'criterion': 'entropy'}",0.6756756756756757,0.5135135135135135,0.5675675675675675,0.5405405405405406,0.5135135135135135,0.5621621621621622,0.06019204716572996,66
23.075645637512206,0.5983694582664874,0.23609662055969238,0.04319544553050774,854,38,20,1834,842,345,entropy,"{'n_estimators': 854, 'min_samples_split': 38, 'min_samples_leaf': 20, 'max_leaf_nodes': 1834, 'max_features': 842, 'max_depth': 345, 'criterion': 'entropy'}",0.6756756756756757,0.5675675675675675,0.5675675675675675,0.8108108108108109,0.5945945945945946,0.6432432432432432,0.09268339567287702,26
2.921353340148926,0.12513160701596096,0.1194371223449707,0.006581891532333524,301,14,24,1046,608,1748,gini,"{'n_estimators': 301, 'min_samples_split': 14, 'min_samples_leaf': 24, 'max_leaf_nodes': 1046, 'max_features': 608, 'max_depth': 1748, 'criterion': 'gini'}",0.7027027027027027,0.5675675675675675,0.5405405405405406,0.6756756756756757,0.6216216216216216,0.6216216216216216,0.06163110405941287,38
0.8591197490692138,0.039334735574440026,0.10611438751220703,0.00712239765004776,332,11,81,103,1162,589,entropy,"{'n_estimators': 332, 'min_samples_split': 11, 'min_samples_leaf': 81, 'max_leaf_nodes': 103, 'max_features': 1162, 'max_depth': 589, 'criterion': 'entropy'}",0.2972972972972973,0.2972972972972973,0.2972972972972973,0.2702702702702703,0.2702702702702703,0.2864864864864865,0.013240485096125286,117
6.133162355422973,0.2763945784927202,0.16958084106445312,0.04986870709069662,559,7,41,612,1465,658,gini,"{'n_estimators': 559, 'min_samples_split': 7, 'min_samples_leaf': 41, 'max_leaf_nodes': 612, 'max_features': 1465, 'max_depth': 658, 'criterion': 'gini'}",0.5945945945945946,0.4594594594594595,0.5945945945945946,0.5135135135135135,0.43243243243243246,0.518918918918919,0.06707931700535598,96
0.7100203990936279,0.10086467402065297,0.1150162696838379,0.005079397711761037,282,49,94,1065,1256,388,entropy,"{'n_estimators': 282, 'min_samples_split': 49, 'min_samples_leaf': 94, 'max_leaf_nodes': 1065, 'max_features': 1256, 'max_depth': 388, 'criterion': 'entropy'}",0.2972972972972973,0.2972972972972973,0.2972972972972973,0.2702702702702703,0.2702702702702703,0.2864864864864865,0.013240485096125286,117
7.5940635204315186,0.2293661281242528,0.18577842712402343,0.04214850897969576,673,76,2,989,1021,289,gini,"{'n_estimators': 673, 'min_samples_split': 76, 'min_samples_leaf': 2, 'max_leaf_nodes': 989, 'max_features': 1021, 'max_depth': 289, 'criterion': 'gini'}",0.5945945945945946,0.5135135135135135,0.6216216216216216,0.5675675675675675,0.5135135135135135,0.5621621621621622,0.04324324324324325,66
1.7900323867797852,0.11792106696158977,0.2148359775543213,0.009982106070628745,778,56,81,188,275,1434,entropy,"{'n_estimators': 778, 'min_samples_split': 56, 'min_samples_leaf': 81, 'max_leaf_nodes': 188, 'max_features': 275, 'max_depth': 1434, 'criterion': 'entropy'}",0.2972972972972973,0.2972972972972973,0.2972972972972973,0.2702702702702703,0.2702702702702703,0.2864864864864865,0.013240485096125286,117
0.9355183601379394,0.0582806655545656,0.14312076568603516,0.04942957139177507,414,44,96,729,541,1021,entropy,"{'n_estimators': 414, 'min_samples_split': 44, 'min_samples_leaf': 96, 'max_leaf_nodes': 729, 'max_features': 541, 'max_depth': 1021, 'criterion': 'entropy'}",0.2972972972972973,0.2972972972972973,0.2972972972972973,0.2702702702702703,0.2702702702702703,0.2864864864864865,0.013240485096125286,117
9.426165628433228,0.2901030303406853,0.20517635345458984,0.0028538339336874143,916,5,41,306,860,789,entropy,"{'n_estimators': 916, 'min_samples_split': 5, 'min_samples_leaf': 41, 'max_leaf_nodes': 306, 'max_features': 860, 'max_depth': 789, 'criterion': 'entropy'}",0.5945945945945946,0.3783783783783784,0.5675675675675675,0.4594594594594595,0.43243243243243246,0.4864864864864865,0.08197703182758433,109
1.7996555328369142,0.08914591233526582,0.21600675582885742,0.0038734404060896442,784,78,43,1137,15,1965,gini,"{'n_estimators': 784, 'min_samples_split': 78, 'min_samples_leaf': 43, 'max_leaf_nodes': 1137, 'max_features': 15, 'max_depth': 1965, 'criterion': 'gini'}",0.5945945945945946,0.5135135135135135,0.5135135135135135,0.5405405405405406,0.4864864864864865,0.5297297297297298,0.03666124315202849,87
7.292805242538452,0.3584804465325755,0.21746630668640138,0.008055231505823811,676,55,36,1593,730,1208,entropy,"{'n_estimators': 676, 'min_samples_split': 55, 'min_samples_leaf': 36, 'max_leaf_nodes': 1593, 'max_features': 730, 'max_depth': 1208, 'criterion': 'entropy'}",0.6216216216216216,0.43243243243243246,0.5675675675675675,0.5135135135135135,0.43243243243243246,0.5135135135135135,0.0745083716329201,102
0.138314151763916,0.014510209268516946,0.1117966651916504,0.003604387241479308,24,28,89,1172,1171,1336,gini,"{'n_estimators': 24, 'min_samples_split': 28, 'min_samples_leaf': 89, 'max_leaf_nodes': 1172, 'max_features': 1171, 'max_depth': 1336, 'criterion': 'gini'}",0.2972972972972973,0.2972972972972973,0.2972972972972973,0.2702702702702703,0.2702702702702703,0.2864864864864865,0.013240485096125286,117
11.58766188621521,0.35574190806824135,0.2215723514556885,0.004402555431157917,703,51,22,424,1414,1623,gini,"{'n_estimators': 703, 'min_samples_split': 51, 'min_samples_leaf': 22, 'max_leaf_nodes': 424, 'max_features': 1414, 'max_depth': 1623, 'criterion': 'gini'}",0.6216216216216216,0.5135135135135135,0.5135135135135135,0.7297297297297297,0.6216216216216216,0.6,0.0809007002545717,46
0.6913364887237549,0.08376577938855909,0.11868634223937988,0.0019400594216066112,107,92,43,17,730,598,gini,"{'n_estimators': 107, 'min_samples_split': 92, 'min_samples_leaf': 43, 'max_leaf_nodes': 17, 'max_features': 730, 'max_depth': 598, 'criterion': 'gini'}",0.5405405405405406,0.5135135135135135,0.5135135135135135,0.5945945945945946,0.43243243243243246,0.518918918918919,0.052407349809906266,96
11.679183769226075,0.14155128722498453,0.2171630859375,0.007214294578591594,640,27,4,179,753,49,gini,"{'n_estimators': 640, 'min_samples_split': 27, 'min_samples_leaf': 4, 'max_leaf_nodes': 179, 'max_features': 753, 'max_depth': 49, 'criterion': 'gini'}",0.7837837837837838,0.7567567567567568,0.6216216216216216,0.7837837837837838,0.7027027027027027,0.7297297297297297,0.06163110405941287,3
5.097318458557129,0.21399059256770625,0.11880979537963868,0.004490348019940548,329,5,38,749,1240,1206,entropy,"{'n_estimators': 329, 'min_samples_split': 5, 'min_samples_leaf': 38, 'max_leaf_nodes': 749, 'max_features': 1240, 'max_depth': 1206, 'criterion': 'entropy'}",0.6486486486486487,0.43243243243243246,0.5405405405405406,0.43243243243243246,0.4864864864864865,0.5081081081081081,0.0809007002545717,103
0.5436909198760986,0.07684791400405741,0.11231651306152343,0.005694346943248465,79,83,20,471,490,759,gini,"{'n_estimators': 79, 'min_samples_split': 83, 'min_samples_leaf': 20, 'max_leaf_nodes': 471, 'max_features': 490, 'max_depth': 759, 'criterion': 'gini'}",0.5945945945945946,0.5675675675675675,0.6486486486486487,0.5945945945945946,0.5405405405405406,0.5891891891891893,0.0358554031389773,51
2.2959939002990724,0.0372167116728213,0.2273989200592041,0.04873342813615549,905,16,42,1465,27,919,gini,"{'n_estimators': 905, 'min_samples_split': 16, 'min_samples_leaf': 42, 'max_leaf_nodes': 1465, 'max_features': 27, 'max_depth': 919, 'criterion': 'gini'}",0.5405405405405406,0.5135135135135135,0.4864864864864865,0.5405405405405406,0.4594594594594595,0.508108108108108,0.03151865889105568,106
4.653896188735962,0.17466470533201892,0.11715850830078126,0.007869308422928798,150,27,7,664,1559,407,gini,"{'n_estimators': 150, 'min_samples_split': 27, 'min_samples_leaf': 7, 'max_leaf_nodes': 664, 'max_features': 1559, 'max_depth': 407, 'criterion': 'gini'}",0.7837837837837838,0.6486486486486487,0.5945945945945946,0.7567567567567568,0.7027027027027027,0.6972972972972974,0.06922296472900376,9
1.8312492847442627,0.05947321990126125,0.20669112205505372,0.005759700108286709,811,28,90,841,958,2,entropy,"{'n_estimators': 811, 'min_samples_split': 28, 'min_samples_leaf': 90, 'max_leaf_nodes': 841, 'max_features': 958, 'max_depth': 2, 'criterion': 'entropy'}",0.2972972972972973,0.2972972972972973,0.2972972972972973,0.2702702702702703,0.2702702702702703,0.2864864864864865,0.013240485096125286,117
3.7783679962158203,0.10951169134142567,0.2044445037841797,0.001839657887714004,940,23,37,844,251,1199,gini,"{'n_estimators': 940, 'min_samples_split': 23, 'min_samples_leaf': 37, 'max_leaf_nodes': 844, 'max_features': 251, 'max_depth': 1199, 'criterion': 'gini'}",0.7567567567567568,0.6216216216216216,0.5675675675675675,0.6216216216216216,0.5405405405405406,0.6216216216216216,0.07450837163292014,38
10.366487455368041,0.19500118318040333,0.2539151668548584,0.05189804882640959,920,9,24,1914,828,1402,gini,"{'n_estimators': 920, 'min_samples_split': 9, 'min_samples_leaf': 24, 'max_leaf_nodes': 1914, 'max_features': 828, 'max_depth': 1402, 'criterion': 'gini'}",0.7027027027027027,0.5675675675675675,0.5405405405405406,0.6216216216216216,0.6486486486486487,0.6162162162162163,0.057713936497466554,41
1.9920580863952637,0.06449657737860917,0.23278989791870117,0.0408873236229413,910,62,68,313,700,120,gini,"{'n_estimators': 910, 'min_samples_split': 62, 'min_samples_leaf': 68, 'max_leaf_nodes': 313, 'max_features': 700, 'max_depth': 120, 'criterion': 'gini'}",0.2972972972972973,0.2972972972972973,0.2972972972972973,0.2702702702702703,0.2702702702702703,0.2864864864864865,0.013240485096125286,117
4.594721794128418,0.10970865172461498,0.14423189163208008,0.04891149565230384,479,10,45,337,1435,1959,gini,"{'n_estimators': 479, 'min_samples_split': 10, 'min_samples_leaf': 45, 'max_leaf_nodes': 337, 'max_features': 1435, 'max_depth': 1959, 'criterion': 'gini'}",0.5675675675675675,0.40540540540540543,0.5675675675675675,0.6216216216216216,0.43243243243243246,0.518918918918919,0.08443513163142327,96
3.8425253868103026,0.07669884803842053,0.20960063934326173,0.006204779863534864,661,68,46,585,642,919,entropy,"{'n_estimators': 661, 'min_samples_split': 68, 'min_samples_leaf': 46, 'max_leaf_nodes': 585, 'max_features': 642, 'max_depth': 919, 'criterion': 'entropy'}",0.5675675675675675,0.4594594594594595,0.5675675675675675,0.6216216216216216,0.43243243243243246,0.5297297297297298,0.07171080627795456,87
9.085195684432984,0.3940476515856379,0.2219245433807373,0.0070108830095692186,724,72,14,980,1159,76,gini,"{'n_estimators': 724, 'min_samples_split': 72, 'min_samples_leaf': 14, 'max_leaf_nodes': 980, 'max_features': 1159, 'max_depth': 76, 'criterion': 'gini'}",0.5945945945945946,0.5405405405405406,0.6216216216216216,0.5675675675675675,0.5135135135135135,0.5675675675675675,0.03822198817224581,61
10.368327569961547,0.18971813871671034,0.21814970970153807,0.007141305693722514,431,7,6,543,843,930,gini,"{'n_estimators': 431, 'min_samples_split': 7, 'min_samples_leaf': 6, 'max_leaf_nodes': 543, 'max_features': 843, 'max_depth': 930, 'criterion': 'gini'}",0.8108108108108109,0.7297297297297297,0.6486486486486487,0.7567567567567568,0.7837837837837838,0.7459459459459461,0.05565205481614595,2
8.985616159439086,0.36635117993281074,0.2289806365966797,0.04388364374439271,913,44,27,705,827,1796,gini,"{'n_estimators': 913, 'min_samples_split': 44, 'min_samples_leaf': 27, 'max_leaf_nodes': 705, 'max_features': 827, 'max_depth': 1796, 'criterion': 'gini'}",0.6486486486486487,0.5675675675675675,0.5945945945945946,0.6756756756756757,0.6216216216216216,0.6216216216216217,0.03822198817224581,36
1.7936306476593018,0.08972487883848587,0.212974214553833,0.007931628609806871,773,57,52,544,865,920,gini,"{'n_estimators': 773, 'min_samples_split': 57, 'min_samples_leaf': 52, 'max_leaf_nodes': 544, 'max_features': 865, 'max_depth': 920, 'criterion': 'gini'}",0.2972972972972973,0.2972972972972973,0.2972972972972973,0.2702702702702703,0.2702702702702703,0.2864864864864865,0.013240485096125286,117
2.525105381011963,0.1198642898979714,0.1195307731628418,0.00453993549332272,26,35,1,1596,1602,1273,entropy,"{'n_estimators': 26, 'min_samples_split': 35, 'min_samples_leaf': 1, 'max_leaf_nodes': 1596, 'max_features': 1602, 'max_depth': 1273, 'criterion': 'entropy'}",0.7297297297297297,0.5945945945945946,0.7567567567567568,0.7837837837837838,0.7837837837837838,0.7297297297297297,0.07047786384002863,3
9.024250745773315,0.32343037255182205,0.21976251602172853,0.008681088895505671,562,37,14,880,912,121,gini,"{'n_estimators': 562, 'min_samples_split': 37, 'min_samples_leaf': 14, 'max_leaf_nodes': 880, 'max_features': 912, 'max_depth': 121, 'criterion': 'gini'}",0.7027027027027027,0.6216216216216216,0.5405405405405406,0.7567567567567568,0.7027027027027027,0.664864864864865,0.07567567567567568,16
4.804228401184082,0.19115659414746647,0.19499616622924804,0.03901739171963494,629,72,38,1819,836,984,gini,"{'n_estimators': 629, 'min_samples_split': 72, 'min_samples_leaf': 38, 'max_leaf_nodes': 1819, 'max_features': 836, 'max_depth': 984, 'criterion': 'gini'}",0.5675675675675675,0.4594594594594595,0.6486486486486487,0.5135135135135135,0.4864864864864865,0.5351351351351351,0.06707931700535598,84
1.7482325077056884,0.06669441831758849,0.20864601135253907,0.008872981518634079,764,2,96,1131,351,969,entropy,"{'n_estimators': 764, 'min_samples_split': 2, 'min_samples_leaf': 96, 'max_leaf_nodes': 1131, 'max_features': 351, 'max_depth': 969, 'criterion': 'entropy'}",0.2972972972972973,0.2972972972972973,0.2972972972972973,0.2702702702702703,0.2702702702702703,0.2864864864864865,0.013240485096125286,117
2.915345287322998,0.2052628464725281,0.11555566787719726,0.0072098762193909816,102,46,28,879,1574,449,entropy,"{'n_estimators': 102, 'min_samples_split': 46, 'min_samples_leaf': 28, 'max_leaf_nodes': 879, 'max_features': 1574, 'max_depth': 449, 'criterion': 'entropy'}",0.6486486486486487,0.5135135135135135,0.5945945945945946,0.7297297297297297,0.5945945945945946,0.6162162162162164,0.07130219436904281,40
0.9911966323852539,0.1324685639950792,0.10518860816955566,0.005259047530365482,400,84,78,1732,987,115,gini,"{'n_estimators': 400, 'min_samples_split': 84, 'min_samples_leaf': 78, 'max_leaf_nodes': 1732, 'max_features': 987, 'max_depth': 115, 'criterion': 'gini'}",0.2972972972972973,0.2972972972972973,0.2972972972972973,0.2702702702702703,0.2702702702702703,0.2864864864864865,0.013240485096125286,117
0.3483920097351074,0.04527385356514662,0.10616965293884277,0.006322906005274293,122,24,84,1509,1514,1363,entropy,"{'n_estimators': 122, 'min_samples_split': 24, 'min_samples_leaf': 84, 'max_leaf_nodes': 1509, 'max_features': 1514, 'max_depth': 1363, 'criterion': 'entropy'}",0.2972972972972973,0.2972972972972973,0.2972972972972973,0.2702702702702703,0.2702702702702703,0.2864864864864865,0.013240485096125286,117
0.6968693733215332,0.07843061014744646,0.11121797561645508,0.004644107601712469,86,68,35,816,542,1623,entropy,"{'n_estimators': 86, 'min_samples_split': 68, 'min_samples_leaf': 35, 'max_leaf_nodes': 816, 'max_features': 542, 'max_depth': 1623, 'criterion': 'entropy'}",0.6486486486486487,0.5405405405405406,0.5405405405405406,0.6486486486486487,0.5135135135135135,0.5783783783783785,0.05821799791496763,58
5.098679256439209,0.08948076528696877,0.2070528507232666,0.005642083669404379,686,91,35,1631,918,1998,gini,"{'n_estimators': 686, 'min_samples_split': 91, 'min_samples_leaf': 35, 'max_leaf_nodes': 1631, 'max_features': 918, 'max_depth': 1998, 'criterion': 'gini'}",0.6486486486486487,0.5675675675675675,0.5405405405405406,0.5135135135135135,0.5675675675675675,0.5675675675675675,0.04522486629913924,61
10.885638904571532,0.1428705440932288,0.19601788520812988,0.04415385397696156,564,8,14,473,401,1218,entropy,"{'n_estimators': 564, 'min_samples_split': 8, 'min_samples_leaf': 14, 'max_leaf_nodes': 473, 'max_features': 401, 'max_depth': 1218, 'criterion': 'entropy'}",0.7027027027027027,0.6216216216216216,0.5405405405405406,0.7837837837837838,0.6486486486486487,0.6594594594594595,0.08126106150471842,19
4.864266061782837,0.16104093731658453,0.11718015670776367,0.007150663764789818,400,36,34,284,1463,206,gini,"{'n_estimators': 400, 'min_samples_split': 36, 'min_samples_leaf': 34, 'max_leaf_nodes': 284, 'max_features': 1463, 'max_depth': 206, 'criterion': 'gini'}",0.6486486486486487,0.4864864864864865,0.5675675675675675,0.6216216216216216,0.5135135135135135,0.5675675675675675,0.06163110405941287,61
0.4019025325775146,0.020926970087179003,0.10622825622558593,0.005558123777703819,142,23,82,920,960,93,entropy,"{'n_estimators': 142, 'min_samples_split': 23, 'min_samples_leaf': 82, 'max_leaf_nodes': 920, 'max_features': 960, 'max_depth': 93, 'criterion': 'entropy'}",0.2972972972972973,0.2972972972972973,0.2972972972972973,0.2702702702702703,0.2702702702702703,0.2864864864864865,0.013240485096125286,117
0.3305672645568848,0.04204059379784673,0.107861328125,0.0056615572859788485,61,44,2,974,276,345,gini,"{'n_estimators': 61, 'min_samples_split': 44, 'min_samples_leaf': 2, 'max_leaf_nodes': 974, 'max_features': 276, 'max_depth': 345, 'criterion': 'gini'}",0.6486486486486487,0.7297297297297297,0.6756756756756757,0.7567567567567568,0.6756756756756757,0.6972972972972974,0.03972145528837587,9
13.178635549545287,0.8204162673980372,0.16970481872558593,0.05522081468299104,492,29,6,345,410,677,entropy,"{'n_estimators': 492, 'min_samples_split': 29, 'min_samples_leaf': 6, 'max_leaf_nodes': 345, 'max_features': 410, 'max_depth': 677, 'criterion': 'entropy'}",0.7297297297297297,0.6486486486486487,0.5945945945945946,0.7567567567567568,0.7567567567567568,0.6972972972972974,0.06486486486486487,9
2.3685919284820556,0.09119502270558814,0.21797146797180175,0.008294161441042563,767,88,42,1345,94,488,gini,"{'n_estimators': 767, 'min_samples_split': 88, 'min_samples_leaf': 42, 'max_leaf_nodes': 1345, 'max_features': 94, 'max_depth': 488, 'criterion': 'gini'}",0.7027027027027027,0.4864864864864865,0.5135135135135135,0.5405405405405406,0.4594594594594595,0.5405405405405406,0.08546696378833459,79
2.05879602432251,0.077860233902789,0.20371546745300292,0.0017320188437451273,936,89,89,356,387,804,entropy,"{'n_estimators': 936, 'min_samples_split': 89, 'min_samples_leaf': 89, 'max_leaf_nodes': 356, 'max_features': 387, 'max_depth': 804, 'criterion': 'entropy'}",0.2972972972972973,0.2972972972972973,0.2972972972972973,0.2702702702702703,0.2702702702702703,0.2864864864864865,0.013240485096125286,117
2.318851137161255,0.10285798804871235,0.22791142463684083,0.03992138068552956,990,67,59,1877,563,1547,entropy,"{'n_estimators': 990, 'min_samples_split': 67, 'min_samples_leaf': 59, 'max_leaf_nodes': 1877, 'max_features': 563, 'max_depth': 1547, 'criterion': 'entropy'}",0.2972972972972973,0.2972972972972973,0.2972972972972973,0.2702702702702703,0.2702702702702703,0.2864864864864865,0.013240485096125286,117
7.823321723937989,0.25534740473566275,0.11866159439086914,0.00847472213409386,228,70,15,1935,1396,617,entropy,"{'n_estimators': 228, 'min_samples_split': 70, 'min_samples_leaf': 15, 'max_leaf_nodes': 1935, 'max_features': 1396, 'max_depth': 617, 'criterion': 'entropy'}",0.6756756756756757,0.4864864864864865,0.5405405405405406,0.5135135135135135,0.4864864864864865,0.5405405405405406,0.07047786384002863,79
4.006259727478027,0.261245781744496,0.19063777923583985,0.04384351359760832,559,59,34,158,708,490,gini,"{'n_estimators': 559, 'min_samples_split': 59, 'min_samples_leaf': 34, 'max_leaf_nodes': 158, 'max_features': 708, 'max_depth': 490, 'criterion': 'gini'}",0.6486486486486487,0.5405405405405406,0.6486486486486487,0.5405405405405406,0.5675675675675675,0.5891891891891892,0.049541358864387465,52
0.3246602535247803,0.06531587131199328,0.10624279975891113,0.005047198819370873,116,7,64,1389,137,748,gini,"{'n_estimators': 116, 'min_samples_split': 7, 'min_samples_leaf': 64, 'max_leaf_nodes': 1389, 'max_features': 137, 'max_depth': 748, 'criterion': 'gini'}",0.2972972972972973,0.2972972972972973,0.2972972972972973,0.2702702702702703,0.2702702702702703,0.2864864864864865,0.013240485096125286,117
2.5844752311706545,0.07497065256391225,0.18321604728698732,0.040450812483859955,670,98,40,1160,876,1919,entropy,"{'n_estimators': 670, 'min_samples_split': 98, 'min_samples_leaf': 40, 'max_leaf_nodes': 1160, 'max_features': 876, 'max_depth': 1919, 'criterion': 'entropy'}",0.43243243243243246,0.40540540540540543,0.4594594594594595,0.43243243243243246,0.32432432432432434,0.4108108108108109,0.04649905549752771,114
0.6369543075561523,0.046845914808800015,0.10520133972167969,0.003026151918954298,285,22,96,160,1094,1489,entropy,"{'n_estimators': 285, 'min_samples_split': 22, 'min_samples_leaf': 96, 'max_leaf_nodes': 160, 'max_features': 1094, 'max_depth': 1489, 'criterion': 'entropy'}",0.2972972972972973,0.2972972972972973,0.2972972972972973,0.2702702702702703,0.2702702702702703,0.2864864864864865,0.013240485096125286,117
2.2120899677276613,0.19393680057049717,0.11487007141113281,0.007588964092186693,50,7,10,1741,790,1644,entropy,"{'n_estimators': 50, 'min_samples_split': 7, 'min_samples_leaf': 10, 'max_leaf_nodes': 1741, 'max_features': 790, 'max_depth': 1644, 'criterion': 'entropy'}",0.7297297297297297,0.6486486486486487,0.7027027027027027,0.7837837837837838,0.7567567567567568,0.7243243243243244,0.0464990554975277,6
7.279585266113282,0.43499702127257833,0.21342592239379882,0.0065519988667160555,800,91,4,865,966,1158,gini,"{'n_estimators': 800, 'min_samples_split': 91, 'min_samples_leaf': 4, 'max_leaf_nodes': 865, 'max_features': 966, 'max_depth': 1158, 'criterion': 'gini'}",0.6486486486486487,0.5405405405405406,0.5675675675675675,0.5675675675675675,0.5405405405405406,0.572972972972973,0.03972145528837587,60
0.575052547454834,0.04626544755510361,0.11563620567321778,0.005220042092421894,25,50,3,51,404,587,entropy,"{'n_estimators': 25, 'min_samples_split': 50, 'min_samples_leaf': 3, 'max_leaf_nodes': 51, 'max_features': 404, 'max_depth': 587, 'criterion': 'entropy'}",0.6486486486486487,0.5945945945945946,0.5945945945945946,0.7027027027027027,0.6756756756756757,0.6432432432432433,0.04324324324324324,25
0.645806360244751,0.09134009244836702,0.10863456726074219,0.006971435400668281,162,90,13,862,234,1083,gini,"{'n_estimators': 162, 'min_samples_split': 90, 'min_samples_leaf': 13, 'max_leaf_nodes': 862, 'max_features': 234, 'max_depth': 1083, 'criterion': 'gini'}",0.6486486486486487,0.6216216216216216,0.6216216216216216,0.5945945945945946,0.5405405405405406,0.6054054054054054,0.03666124315202847,45
0.24160528182983398,0.007144266067393565,0.10347862243652343,0.001557700479260701,69,72,56,199,881,1587,gini,"{'n_estimators': 69, 'min_samples_split': 72, 'min_samples_leaf': 56, 'max_leaf_nodes': 199, 'max_features': 881, 'max_depth': 1587, 'criterion': 'gini'}",0.2972972972972973,0.2972972972972973,0.2972972972972973,0.2702702702702703,0.2702702702702703,0.2864864864864865,0.013240485096125286,117
1.8121934413909913,0.08023884063675711,0.20303587913513182,0.0008104516212479639,821,6,84,274,1510,488,entropy,"{'n_estimators': 821, 'min_samples_split': 6, 'min_samples_leaf': 84, 'max_leaf_nodes': 274, 'max_features': 1510, 'max_depth': 488, 'criterion': 'entropy'}",0.2972972972972973,0.2972972972972973,0.2972972972972973,0.2702702702702703,0.2702702702702703,0.2864864864864865,0.013240485096125286,117
2.0605509281158447,0.07536698927951943,0.20757923126220704,0.007173826926716613,872,90,71,632,212,337,gini,"{'n_estimators': 872, 'min_samples_split': 90, 'min_samples_leaf': 71, 'max_leaf_nodes': 632, 'max_features': 212, 'max_depth': 337, 'criterion': 'gini'}",0.2972972972972973,0.2972972972972973,0.2972972972972973,0.2702702702702703,0.2702702702702703,0.2864864864864865,0.013240485096125286,117
4.221012830734253,0.2095928809695684,0.1159982681274414,0.006855119316996944,239,44,25,1067,1579,775,gini,"{'n_estimators': 239, 'min_samples_split': 44, 'min_samples_leaf': 25, 'max_leaf_nodes': 1067, 'max_features': 1579, 'max_depth': 775, 'criterion': 'gini'}",0.7027027027027027,0.5405405405405406,0.5675675675675675,0.7567567567567568,0.6216216216216216,0.6378378378378378,0.08126106150471844,30
1.0110864639282227,0.08001542060346208,0.10876998901367188,0.006403217494455979,303,59,46,1816,145,1511,entropy,"{'n_estimators': 303, 'min_samples_split': 59, 'min_samples_leaf': 46, 'max_leaf_nodes': 1816, 'max_features': 145, 'max_depth': 1511, 'criterion': 'entropy'}",0.6486486486486487,0.5135135135135135,0.5135135135135135,0.5675675675675675,0.43243243243243246,0.5351351351351352,0.07130219436904281,83
5.728428840637207,0.123089611874496,0.19287033081054689,0.04504355153356129,580,3,45,422,1224,1643,entropy,"{'n_estimators': 580, 'min_samples_split': 3, 'min_samples_leaf': 45, 'max_leaf_nodes': 422, 'max_features': 1224, 'max_depth': 1643, 'criterion': 'entropy'}",0.5675675675675675,0.40540540540540543,0.5675675675675675,0.43243243243243246,0.43243243243243246,0.48108108108108105,0.07130219436904278,110
1.3104941844940186,0.08706014187913888,0.19162769317626954,0.03602538810047449,567,64,54,643,477,1879,gini,"{'n_estimators': 567, 'min_samples_split': 64, 'min_samples_leaf': 54, 'max_leaf_nodes': 643, 'max_features': 477, 'max_depth': 1879, 'criterion': 'gini'}",0.2972972972972973,0.2972972972972973,0.2972972972972973,0.2702702702702703,0.2702702702702703,0.2864864864864865,0.013240485096125286,117
0.19487905502319336,0.04109270417062873,0.10954775810241699,0.007485429048282958,14,84,38,924,1104,1004,entropy,"{'n_estimators': 14, 'min_samples_split': 84, 'min_samples_leaf': 38, 'max_leaf_nodes': 924, 'max_features': 1104, 'max_depth': 1004, 'criterion': 'entropy'}",0.4864864864864865,0.3783783783783784,0.4864864864864865,0.5675675675675675,0.35135135135135137,0.454054054054054,0.07907426399096103,111
4.495986700057983,0.2109089730293567,0.11309890747070313,0.006687465984002175,221,85,36,1076,1533,1882,entropy,"{'n_estimators': 221, 'min_samples_split': 85, 'min_samples_leaf': 36, 'max_leaf_nodes': 1076, 'max_features': 1533, 'max_depth': 1882, 'criterion': 'entropy'}",0.5675675675675675,0.4594594594594595,0.5675675675675675,0.43243243243243246,0.5135135135135135,0.5081081081081081,0.055124535282084136,103
2.7699644565582275,0.08560219030469048,0.20631585121154786,0.006529730676502145,925,3,50,732,1324,791,gini,"{'n_estimators': 925, 'min_samples_split': 3, 'min_samples_leaf': 50, 'max_leaf_nodes': 732, 'max_features': 1324, 'max_depth': 791, 'criterion': 'gini'}",0.2972972972972973,0.2972972972972973,0.2972972972972973,0.2702702702702703,0.2702702702702703,0.2864864864864865,0.013240485096125286,117
1.0299652099609375,0.01094642557733388,0.10694642066955566,0.007060337317522394,401,94,84,1318,711,1766,gini,"{'n_estimators': 401, 'min_samples_split': 94, 'min_samples_leaf': 84, 'max_leaf_nodes': 1318, 'max_features': 711, 'max_depth': 1766, 'criterion': 'gini'}",0.2972972972972973,0.2972972972972973,0.2972972972972973,0.2702702702702703,0.2702702702702703,0.2864864864864865,0.013240485096125286,117
35.57475681304932,1.1288359638677914,0.1381147861480713,0.04382749666657733,330,16,5,339,1449,10,entropy,"{'n_estimators': 330, 'min_samples_split': 16, 'min_samples_leaf': 5, 'max_leaf_nodes': 339, 'max_features': 1449, 'max_depth': 10, 'criterion': 'entropy'}",0.8378378378378378,0.6486486486486487,0.6756756756756757,0.7837837837837838,0.8108108108108109,0.7513513513513514,0.07528858528207631,1
10.195760345458984,0.36337322282112466,0.11511011123657226,0.006489079184936495,326,28,1,1339,1349,1182,gini,"{'n_estimators': 326, 'min_samples_split': 28, 'min_samples_leaf': 1, 'max_leaf_nodes': 1339, 'max_features': 1349, 'max_depth': 1182, 'criterion': 'gini'}",0.7567567567567568,0.7297297297297297,0.6216216216216216,0.7567567567567568,0.7297297297297297,0.7189189189189189,0.05012766754322004,7
0.2757098197937012,0.029265545987005346,0.10634884834289551,0.006010493376354518,81,44,84,194,1434,884,entropy,"{'n_estimators': 81, 'min_samples_split': 44, 'min_samples_leaf': 84, 'max_leaf_nodes': 194, 'max_features': 1434, 'max_depth': 884, 'criterion': 'entropy'}",0.2972972972972973,0.2972972972972973,0.2972972972972973,0.2702702702702703,0.2702702702702703,0.2864864864864865,0.013240485096125286,117
39.285171604156496,1.0857266540361061,0.22282629013061522,0.0018097278324031591,784,64,3,827,1554,131,entropy,"{'n_estimators': 784, 'min_samples_split': 64, 'min_samples_leaf': 3, 'max_leaf_nodes': 827, 'max_features': 1554, 'max_depth': 131, 'criterion': 'entropy'}",0.6486486486486487,0.4594594594594595,0.5945945945945946,0.5675675675675675,0.4864864864864865,0.5513513513513513,0.0696437769012169,74
2.236311149597168,0.26440950574045086,0.26164851188659666,0.0524136419856051,935,25,62,667,1329,806,entropy,"{'n_estimators': 935, 'min_samples_split': 25, 'min_samples_leaf': 62, 'max_leaf_nodes': 667, 'max_features': 1329, 'max_depth': 806, 'criterion': 'entropy'}",0.2972972972972973,0.2972972972972973,0.2972972972972973,0.2702702702702703,0.2702702702702703,0.2864864864864865,0.013240485096125286,117
32.74165229797363,1.3148125785448102,0.27775139808654786,0.04776861520275581,947,63,18,336,1413,343,entropy,"{'n_estimators': 947, 'min_samples_split': 63, 'min_samples_leaf': 18, 'max_leaf_nodes': 336, 'max_features': 1413, 'max_depth': 343, 'criterion': 'entropy'}",0.6486486486486487,0.4594594594594595,0.5675675675675675,0.5675675675675675,0.4864864864864865,0.5459459459459459,0.06707931700535597,77
1.3664897441864015,0.21223294602499562,0.16085238456726075,0.04807252528106827,474,4,74,240,614,607,gini,"{'n_estimators': 474, 'min_samples_split': 4, 'min_samples_leaf': 74, 'max_leaf_nodes': 240, 'max_features': 614, 'max_depth': 607, 'criterion': 'gini'}",0.2972972972972973,0.2972972972972973,0.2972972972972973,0.2702702702702703,0.2702702702702703,0.2864864864864865,0.013240485096125286,117
0.3727728843688965,0.05223260950441978,0.10695438385009766,0.007609914532478777,119,78,50,150,1210,495,gini,"{'n_estimators': 119, 'min_samples_split': 78, 'min_samples_leaf': 50, 'max_leaf_nodes': 150, 'max_features': 1210, 'max_depth': 495, 'criterion': 'gini'}",0.2972972972972973,0.2972972972972973,0.2972972972972973,0.2702702702702703,0.2702702702702703,0.2864864864864865,0.013240485096125286,117
2.5623323917388916,0.08437767108539786,0.20426573753356933,0.00115115368368137,617,94,30,898,447,1589,gini,"{'n_estimators': 617, 'min_samples_split': 94, 'min_samples_leaf': 30, 'max_leaf_nodes': 898, 'max_features': 447, 'max_depth': 1589, 'criterion': 'gini'}",0.5945945945945946,0.5405405405405406,0.5405405405405406,0.5405405405405406,0.4864864864864865,0.5405405405405406,0.034186785515333835,79
5.107505941390992,0.11170378627059702,0.21126465797424315,0.002510567351659627,854,83,22,903,463,841,gini,"{'n_estimators': 854, 'min_samples_split': 83, 'min_samples_leaf': 22, 'max_leaf_nodes': 903, 'max_features': 463, 'max_depth': 841, 'criterion': 'gini'}",0.6756756756756757,0.5675675675675675,0.6216216216216216,0.5675675675675675,0.5405405405405406,0.5945945945945945,0.048347415729725174,49
4.456709146499634,0.12223540444690634,0.132628870010376,0.040131985599213084,507,58,30,1556,383,947,entropy,"{'n_estimators': 507, 'min_samples_split': 58, 'min_samples_leaf': 30, 'max_leaf_nodes': 1556, 'max_features': 383, 'max_depth': 947, 'criterion': 'entropy'}",0.6486486486486487,0.5675675675675675,0.5405405405405406,0.6756756756756757,0.5135135135135135,0.5891891891891892,0.06257209136643366,52
1.956399154663086,0.04132941724265906,0.10571703910827637,0.004080005467484993,428,26,30,1566,134,397,entropy,"{'n_estimators': 428, 'min_samples_split': 26, 'min_samples_leaf': 30, 'max_leaf_nodes': 1566, 'max_features': 134, 'max_depth': 397, 'criterion': 'entropy'}",0.6216216216216216,0.6216216216216216,0.5675675675675675,0.7027027027027027,0.6756756756756757,0.6378378378378379,0.04712323182206136,29
32.992112684249875,1.4062814130600305,0.25554332733154295,0.05646340342469864,990,72,7,519,1118,844,entropy,"{'n_estimators': 990, 'min_samples_split': 72, 'min_samples_leaf': 7, 'max_leaf_nodes': 519, 'max_features': 1118, 'max_depth': 844, 'criterion': 'entropy'}",0.6756756756756757,0.4864864864864865,0.5675675675675675,0.5405405405405406,0.4864864864864865,0.5513513513513513,0.06964377690121687,74
1.3607178688049317,0.08596806540327483,0.12070169448852539,0.0017587467563203818,120,49,19,722,249,190,entropy,"{'n_estimators': 120, 'min_samples_split': 49, 'min_samples_leaf': 19, 'max_leaf_nodes': 722, 'max_features': 249, 'max_depth': 190, 'criterion': 'entropy'}",0.6216216216216216,0.6756756756756757,0.5675675675675675,0.7567567567567568,0.6486486486486487,0.6540540540540541,0.06257209136643367,23
3.3747703075408935,0.22680791810367576,0.14097309112548828,0.04160094273945249,348,48,3,1249,445,1034,gini,"{'n_estimators': 348, 'min_samples_split': 48, 'min_samples_leaf': 3, 'max_leaf_nodes': 1249, 'max_features': 445, 'max_depth': 1034, 'criterion': 'gini'}",0.6486486486486487,0.5945945945945946,0.6216216216216216,0.7837837837837838,0.7027027027027027,0.6702702702702703,0.06707931700535598,13
1.7511810302734374,0.1785645864710263,0.11378769874572754,0.009488139398338681,59,49,11,1023,737,1535,entropy,"{'n_estimators': 59, 'min_samples_split': 49, 'min_samples_leaf': 11, 'max_leaf_nodes': 1023, 'max_features': 737, 'max_depth': 1535, 'criterion': 'entropy'}",0.6486486486486487,0.5675675675675675,0.5675675675675675,0.7567567567567568,0.7567567567567568,0.6594594594594595,0.08478047103436825,19
1.2229501724243164,0.05421505633838417,0.12368631362915039,0.041452843963558125,508,29,87,1288,426,225,gini,"{'n_estimators': 508, 'min_samples_split': 29, 'min_samples_leaf': 87, 'max_leaf_nodes': 1288, 'max_features': 426, 'max_depth': 225, 'criterion': 'gini'}",0.2972972972972973,0.2972972972972973,0.2972972972972973,0.2702702702702703,0.2702702702702703,0.2864864864864865,0.013240485096125286,117
2.0692631721496584,0.08091865212464093,0.20340704917907715,0.0005398258494442378,873,2,66,1607,34,1688,entropy,"{'n_estimators': 873, 'min_samples_split': 2, 'min_samples_leaf': 66, 'max_leaf_nodes': 1607, 'max_features': 34, 'max_depth': 1688, 'criterion': 'entropy'}",0.2972972972972973,0.2972972972972973,0.2972972972972973,0.2702702702702703,0.2702702702702703,0.2864864864864865,0.013240485096125286,117
0.12276258468627929,0.003334161247111367,0.10419440269470215,0.0013074604719586012,20,38,66,1798,485,776,gini,"{'n_estimators': 20, 'min_samples_split': 38, 'min_samples_leaf': 66, 'max_leaf_nodes': 1798, 'max_features': 485, 'max_depth': 776, 'criterion': 'gini'}",0.2972972972972973,0.2972972972972973,0.2972972972972973,0.2702702702702703,0.2702702702702703,0.2864864864864865,0.013240485096125286,117
0.578583812713623,0.024108615201371045,0.10336265563964844,0.0008336011856736798,237,53,85,697,686,900,gini,"{'n_estimators': 237, 'min_samples_split': 53, 'min_samples_leaf': 85, 'max_leaf_nodes': 697, 'max_features': 686, 'max_depth': 900, 'criterion': 'gini'}",0.2972972972972973,0.2972972972972973,0.2972972972972973,0.2702702702702703,0.2702702702702703,0.2864864864864865,0.013240485096125286,117
5.184874677658081,0.06721727364236431,0.2045736789703369,0.002488109074718248,687,83,4,89,612,457,gini,"{'n_estimators': 687, 'min_samples_split': 83, 'min_samples_leaf': 4, 'max_leaf_nodes': 89, 'max_features': 612, 'max_depth': 457, 'criterion': 'gini'}",0.6216216216216216,0.5405405405405406,0.6486486486486487,0.5675675675675675,0.5405405405405406,0.5837837837837838,0.04391372110614033,54
1.055555486679077,0.10107190636022957,0.11221966743469239,0.006916083561569336,449,88,92,1605,989,1866,entropy,"{'n_estimators': 449, 'min_samples_split': 88, 'min_samples_leaf': 92, 'max_leaf_nodes': 1605, 'max_features': 989, 'max_depth': 1866, 'criterion': 'entropy'}",0.2972972972972973,0.2972972972972973,0.2972972972972973,0.2702702702702703,0.2702702702702703,0.2864864864864865,0.013240485096125286,117
0.9686172485351563,0.06118477598871959,0.10310320854187012,0.0004440225685648413,388,31,93,940,624,1236,entropy,"{'n_estimators': 388, 'min_samples_split': 31, 'min_samples_leaf': 93, 'max_leaf_nodes': 940, 'max_features': 624, 'max_depth': 1236, 'criterion': 'entropy'}",0.2972972972972973,0.2972972972972973,0.2972972972972973,0.2702702702702703,0.2702702702702703,0.2864864864864865,0.013240485096125286,117
1.1761701583862305,0.052731352237697045,0.10244665145874024,0.00033432214458592176,472,48,94,1827,456,1972,gini,"{'n_estimators': 472, 'min_samples_split': 48, 'min_samples_leaf': 94, 'max_leaf_nodes': 1827, 'max_features': 456, 'max_depth': 1972, 'criterion': 'gini'}",0.2972972972972973,0.2972972972972973,0.2972972972972973,0.2702702702702703,0.2702702702702703,0.2864864864864865,0.013240485096125286,117
1.478368377685547,0.039056737257937235,0.183615779876709,0.040604819689228654,601,91,98,1198,839,1975,entropy,"{'n_estimators': 601, 'min_samples_split': 91, 'min_samples_leaf': 98, 'max_leaf_nodes': 1198, 'max_features': 839, 'max_depth': 1975, 'criterion': 'entropy'}",0.2972972972972973,0.2972972972972973,0.2972972972972973,0.2702702702702703,0.2702702702702703,0.2864864864864865,0.013240485096125286,117
1.4036359786987305,0.04249845504515063,0.1836885929107666,0.04061542373069275,574,82,68,1892,1310,604,gini,"{'n_estimators': 574, 'min_samples_split': 82, 'min_samples_leaf': 68, 'max_leaf_nodes': 1892, 'max_features': 1310, 'max_depth': 604, 'criterion': 'gini'}",0.2972972972972973,0.2972972972972973,0.2972972972972973,0.2702702702702703,0.2702702702702703,0.2864864864864865,0.013240485096125286,117
1.491396188735962,0.013091443144114256,0.16370601654052735,0.04962992703036792,610,26,79,465,1175,561,gini,"{'n_estimators': 610, 'min_samples_split': 26, 'min_samples_leaf': 79, 'max_leaf_nodes': 465, 'max_features': 1175, 'max_depth': 561, 'criterion': 'gini'}",0.2972972972972973,0.2972972972972973,0.2972972972972973,0.2702702702702703,0.2702702702702703,0.2864864864864865,0.013240485096125286,117
1.656629753112793,0.026022392611882467,0.16301941871643066,0.04935953441795803,651,91,49,769,146,1727,entropy,"{'n_estimators': 651, 'min_samples_split': 91, 'min_samples_leaf': 49, 'max_leaf_nodes': 769, 'max_features': 146, 'max_depth': 1727, 'criterion': 'entropy'}",0.32432432432432434,0.3783783783783784,0.2972972972972973,0.2702702702702703,0.32432432432432434,0.3189189189189189,0.035855403138977296,116
0.8379932880401612,0.0493199750000652,0.10290942192077637,0.00021029505847068496,363,30,59,383,458,1692,entropy,"{'n_estimators': 363, 'min_samples_split': 30, 'min_samples_leaf': 59, 'max_leaf_nodes': 383, 'max_features': 458, 'max_depth': 1692, 'criterion': 'entropy'}",0.2972972972972973,0.2972972972972973,0.2972972972972973,0.2702702702702703,0.2702702702702703,0.2864864864864865,0.013240485096125286,117
11.111506462097168,0.163938907855592,0.2110804557800293,0.008477420241313764,755,60,27,1345,655,1959,entropy,"{'n_estimators': 755, 'min_samples_split': 60, 'min_samples_leaf': 27, 'max_leaf_nodes': 1345, 'max_features': 655, 'max_depth': 1959, 'criterion': 'entropy'}",0.6486486486486487,0.5135135135135135,0.5675675675675675,0.6486486486486487,0.5135135135135135,0.5783783783783785,0.060675525190928815,58
20.729536533355713,0.35630711433847323,0.1384228229522705,0.04110521883896256,388,30,2,1473,765,543,entropy,"{'n_estimators': 388, 'min_samples_split': 30, 'min_samples_leaf': 2, 'max_leaf_nodes': 1473, 'max_features': 765, 'max_depth': 543, 'criterion': 'entropy'}",0.8108108108108109,0.7027027027027027,0.5945945945945946,0.7567567567567568,0.7837837837837838,0.7297297297297297,0.07644397634449161,3
5.735096073150634,0.24440669851017235,0.23275151252746581,0.04586626595303487,903,78,26,2,519,1571,gini,"{'n_estimators': 903, 'min_samples_split': 78, 'min_samples_leaf': 26, 'max_leaf_nodes': 2, 'max_features': 519, 'max_depth': 1571, 'criterion': 'gini'}",0.6486486486486487,0.5675675675675675,0.5945945945945946,0.5675675675675675,0.5405405405405406,0.5837837837837838,0.03666124315202849,54
6.27348575592041,0.33342562904307005,0.1080636978149414,0.006659037714311766,353,44,26,336,772,1940,entropy,"{'n_estimators': 353, 'min_samples_split': 44, 'min_samples_leaf': 26, 'max_leaf_nodes': 336, 'max_features': 772, 'max_depth': 1940, 'criterion': 'entropy'}",0.6756756756756757,0.5675675675675675,0.5945945945945946,0.6756756756756757,0.6216216216216216,0.627027027027027,0.04324324324324324,35
1.5976073265075683,0.12718784925623863,0.21342201232910157,0.008243215307697534,661,64,76,1791,951,558,gini,"{'n_estimators': 661, 'min_samples_split': 64, 'min_samples_leaf': 76, 'max_leaf_nodes': 1791, 'max_features': 951, 'max_depth': 558, 'criterion': 'gini'}",0.2972972972972973,0.2972972972972973,0.2972972972972973,0.2702702702702703,0.2702702702702703,0.2864864864864865,0.013240485096125286,117
15.897504472732544,0.6156973095699396,0.2159122943878174,0.009117257686891679,825,21,38,242,1589,1979,entropy,"{'n_estimators': 825, 'min_samples_split': 21, 'min_samples_leaf': 38, 'max_leaf_nodes': 242, 'max_features': 1589, 'max_depth': 1979, 'criterion': 'entropy'}",0.7297297297297297,0.35135135135135137,0.5405405405405406,0.43243243243243246,0.3783783783783784,0.48648648648648657,0.13781133820521038,108
2.6129520416259764,0.049933897530935634,0.21794228553771972,0.008415593328930458,571,37,16,356,129,1264,gini,"{'n_estimators': 571, 'min_samples_split': 37, 'min_samples_leaf': 16, 'max_leaf_nodes': 356, 'max_features': 129, 'max_depth': 1264, 'criterion': 'gini'}",0.7027027027027027,0.6216216216216216,0.6486486486486487,0.7027027027027027,0.6756756756756757,0.6702702702702703,0.0315186588910557,13
2.1040109634399413,0.09862496585946329,0.22390642166137695,0.03962253273012742,884,46,63,912,149,251,gini,"{'n_estimators': 884, 'min_samples_split': 46, 'min_samples_leaf': 63, 'max_leaf_nodes': 912, 'max_features': 149, 'max_depth': 251, 'criterion': 'gini'}",0.2972972972972973,0.2972972972972973,0.2972972972972973,0.2702702702702703,0.2702702702702703,0.2864864864864865,0.013240485096125286,117
0.7204455375671387,0.0195884263495243,0.10310888290405273,0.0007359696618445191,286,29,92,1341,581,1973,gini,"{'n_estimators': 286, 'min_samples_split': 29, 'min_samples_leaf': 92, 'max_leaf_nodes': 1341, 'max_features': 581, 'max_depth': 1973, 'criterion': 'gini'}",0.2972972972972973,0.2972972972972973,0.2972972972972973,0.2702702702702703,0.2702702702702703,0.2864864864864865,0.013240485096125286,117
1.9858801364898682,0.056438665501183025,0.20693483352661132,0.005179221567576288,883,43,52,1251,173,533,entropy,"{'n_estimators': 883, 'min_samples_split': 43, 'min_samples_leaf': 52, 'max_leaf_nodes': 1251, 'max_features': 173, 'max_depth': 533, 'criterion': 'entropy'}",0.2972972972972973,0.2972972972972973,0.2972972972972973,0.2702702702702703,0.2702702702702703,0.2864864864864865,0.013240485096125286,117
35.0279782295227,0.8819475392764411,0.2319460391998291,0.04387429409813982,997,10,22,434,1261,330,entropy,"{'n_estimators': 997, 'min_samples_split': 10, 'min_samples_leaf': 22, 'max_leaf_nodes': 434, 'max_features': 1261, 'max_depth': 330, 'criterion': 'entropy'}",0.6756756756756757,0.5135135135135135,0.6216216216216216,0.8108108108108109,0.5945945945945946,0.6432432432432432,0.09878738855403821,26
3.7711888790130614,0.06742109365052361,0.14066753387451172,0.039004803005702526,369,49,31,621,1042,361,gini,"{'n_estimators': 369, 'min_samples_split': 49, 'min_samples_leaf': 31, 'max_leaf_nodes': 621, 'max_features': 1042, 'max_depth': 361, 'criterion': 'gini'}",0.6756756756756757,0.4864864864864865,0.5945945945945946,0.5405405405405406,0.5405405405405406,0.5675675675675675,0.06395761927675259,61
10.176961135864257,0.23788855555730384,0.21928396224975585,0.002704349741861309,779,88,27,9,629,48,entropy,"{'n_estimators': 779, 'min_samples_split': 88, 'min_samples_leaf': 27, 'max_leaf_nodes': 9, 'max_features': 629, 'max_depth': 48, 'criterion': 'entropy'}",0.6756756756756757,0.5135135135135135,0.5675675675675675,0.5675675675675675,0.4864864864864865,0.5621621621621621,0.06486486486486487,69
1.2929716110229492,0.06233894356774665,0.11094117164611816,0.007896423257779384,184,29,41,1111,503,1231,entropy,"{'n_estimators': 184, 'min_samples_split': 29, 'min_samples_leaf': 41, 'max_leaf_nodes': 1111, 'max_features': 503, 'max_depth': 1231, 'criterion': 'entropy'}",0.6216216216216216,0.4594594594594595,0.5675675675675675,0.5135135135135135,0.4594594594594595,0.5243243243243244,0.06303731778211133,93
0.8085416316986084,0.052621515655801976,0.10342845916748047,0.000522418721118076,337,44,97,386,657,797,entropy,"{'n_estimators': 337, 'min_samples_split': 44, 'min_samples_leaf': 97, 'max_leaf_nodes': 386, 'max_features': 657, 'max_depth': 797, 'criterion': 'entropy'}",0.2972972972972973,0.2972972972972973,0.2972972972972973,0.2702702702702703,0.2702702702702703,0.2864864864864865,0.013240485096125286,117
5.627988386154175,0.12819056389579164,0.20953269004821778,0.006654325698831654,860,9,46,876,900,1729,gini,"{'n_estimators': 860, 'min_samples_split': 9, 'min_samples_leaf': 46, 'max_leaf_nodes': 876, 'max_features': 900, 'max_depth': 1729, 'criterion': 'gini'}",0.5405405405405406,0.4864864864864865,0.5675675675675675,0.5135135135135135,0.43243243243243246,0.5081081081081081,0.0464990554975277,103
16.863134765625,0.8665168143434001,0.23791184425354003,0.04086691315203104,854,33,16,1188,469,768,entropy,"{'n_estimators': 854, 'min_samples_split': 33, 'min_samples_leaf': 16, 'max_leaf_nodes': 1188, 'max_features': 469, 'max_depth': 768, 'criterion': 'entropy'}",0.7027027027027027,0.6216216216216216,0.5675675675675675,0.7567567567567568,0.6756756756756757,0.664864864864865,0.06531376201943015,16
0.31289243698120117,0.02485299243412473,0.12024564743041992,0.0039444086958463805,78,7,88,826,33,1090,entropy,"{'n_estimators': 78, 'min_samples_split': 7, 'min_samples_leaf': 88, 'max_leaf_nodes': 826, 'max_features': 33, 'max_depth': 1090, 'criterion': 'entropy'}",0.2972972972972973,0.2972972972972973,0.2972972972972973,0.2702702702702703,0.2702702702702703,0.2864864864864865,0.013240485096125286,117
1.9611663818359375,0.021051689465045435,0.21560306549072267,0.01132596003114414,856,38,68,259,310,957,gini,"{'n_estimators': 856, 'min_samples_split': 38, 'min_samples_leaf': 68, 'max_leaf_nodes': 259, 'max_features': 310, 'max_depth': 957, 'criterion': 'gini'}",0.2972972972972973,0.2972972972972973,0.2972972972972973,0.2702702702702703,0.2702702702702703,0.2864864864864865,0.013240485096125286,117
1.8327877521514893,0.09644021801607679,0.20373144149780273,0.0006981395061299381,818,77,53,1548,387,1705,entropy,"{'n_estimators': 818, 'min_samples_split': 77, 'min_samples_leaf': 53, 'max_leaf_nodes': 1548, 'max_features': 387, 'max_depth': 1705, 'criterion': 'entropy'}",0.2972972972972973,0.2972972972972973,0.2972972972972973,0.2702702702702703,0.2702702702702703,0.2864864864864865,0.013240485096125286,117
0.859513235092163,0.042216484172103885,0.10445132255554199,0.0021559934262310805,363,54,78,1501,1544,770,gini,"{'n_estimators': 363, 'min_samples_split': 54, 'min_samples_leaf': 78, 'max_leaf_nodes': 1501, 'max_features': 1544, 'max_depth': 770, 'criterion': 'gini'}",0.2972972972972973,0.2972972972972973,0.2972972972972973,0.2702702702702703,0.2702702702702703,0.2864864864864865,0.013240485096125286,117
1.71695876121521,0.04385535887915896,0.20300698280334473,0.0004001937488397046,691,4,89,1856,349,353,gini,"{'n_estimators': 691, 'min_samples_split': 4, 'min_samples_leaf': 89, 'max_leaf_nodes': 1856, 'max_features': 349, 'max_depth': 353, 'criterion': 'gini'}",0.2972972972972973,0.2972972972972973,0.2972972972972973,0.2702702702702703,0.2702702702702703,0.2864864864864865,0.013240485096125286,117
0.2771899223327637,0.050075897964344925,0.10475544929504395,0.004340605994338357,73,72,49,381,1130,378,gini,"{'n_estimators': 73, 'min_samples_split': 72, 'min_samples_leaf': 49, 'max_leaf_nodes': 381, 'max_features': 1130, 'max_depth': 378, 'criterion': 'gini'}",0.40540540540540543,0.5135135135135135,0.4594594594594595,0.43243243243243246,0.3783783783783784,0.4378378378378378,0.0464990554975277,112
0.11497440338134765,0.002536040714682987,0.10280909538269042,0.0007609384432499946,29,48,76,606,1553,562,entropy,"{'n_estimators': 29, 'min_samples_split': 48, 'min_samples_leaf': 76, 'max_leaf_nodes': 606, 'max_features': 1553, 'max_depth': 562, 'criterion': 'entropy'}",0.2972972972972973,0.2972972972972973,0.2972972972972973,0.2702702702702703,0.2702702702702703,0.2864864864864865,0.013240485096125286,117
1.7425478458404542,0.10499426632133117,0.20663843154907227,0.006276293860271667,764,77,74,892,1476,101,entropy,"{'n_estimators': 764, 'min_samples_split': 77, 'min_samples_leaf': 74, 'max_leaf_nodes': 892, 'max_features': 1476, 'max_depth': 101, 'criterion': 'entropy'}",0.2972972972972973,0.2972972972972973,0.2972972972972973,0.2702702702702703,0.2702702702702703,0.2864864864864865,0.013240485096125286,117
19.465671682357787,0.20700775260859025,0.18006720542907714,0.0486145604187733,445,16,10,650,750,703,entropy,"{'n_estimators': 445, 'min_samples_split': 16, 'min_samples_leaf': 10, 'max_leaf_nodes': 650, 'max_features': 750, 'max_depth': 703, 'criterion': 'entropy'}",0.7297297297297297,0.6486486486486487,0.5945945945945946,0.7837837837837838,0.7837837837837838,0.7081081081081082,0.0752885852820763,8
11.87522292137146,0.4273120038582171,0.2149341583251953,0.007425164935243064,782,84,42,1031,1453,741,entropy,"{'n_estimators': 782, 'min_samples_split': 84, 'min_samples_leaf': 42, 'max_leaf_nodes': 1031, 'max_features': 1453, 'max_depth': 741, 'criterion': 'entropy'}",0.6216216216216216,0.35135135135135137,0.5675675675675675,0.43243243243243246,0.5135135135135135,0.49729729729729727,0.09608858829530363,107
0.862097692489624,0.042603788093305374,0.11499557495117188,0.005390112336078944,346,89,83,732,1232,617,entropy,"{'n_estimators': 346, 'min_samples_split': 89, 'min_samples_leaf': 83, 'max_leaf_nodes': 732, 'max_features': 1232, 'max_depth': 617, 'criterion': 'entropy'}",0.2972972972972973,0.2972972972972973,0.2972972972972973,0.2702702702702703,0.2702702702702703,0.2864864864864865,0.013240485096125286,117
2.0208834171295167,0.16446828777529507,0.12431554794311524,0.043581301659866255,357,25,18,1560,101,373,entropy,"{'n_estimators': 357, 'min_samples_split': 25, 'min_samples_leaf': 18, 'max_leaf_nodes': 1560, 'max_features': 101, 'max_depth': 373, 'criterion': 'entropy'}",0.6756756756756757,0.6486486486486487,0.6486486486486487,0.7027027027027027,0.6486486486486487,0.664864864864865,0.021621621621621616,16
0.15037293434143068,0.010233609004043128,0.10742239952087403,0.0031531563190277073,55,60,90,1303,1275,126,entropy,"{'n_estimators': 55, 'min_samples_split': 60, 'min_samples_leaf': 90, 'max_leaf_nodes': 1303, 'max_features': 1275, 'max_depth': 126, 'criterion': 'entropy'}",0.2972972972972973,0.2972972972972973,0.2972972972972973,0.2702702702702703,0.2702702702702703,0.2864864864864865,0.013240485096125286,117
1.2745745658874512,0.10195104652786943,0.12301349639892578,0.04056466357198068,559,28,75,777,1098,1883,entropy,"{'n_estimators': 559, 'min_samples_split': 28, 'min_samples_leaf': 75, 'max_leaf_nodes': 777, 'max_features': 1098, 'max_depth': 1883, 'criterion': 'entropy'}",0.2972972972972973,0.2972972972972973,0.2972972972972973,0.2702702702702703,0.2702702702702703,0.2864864864864865,0.013240485096125286,117
2.094194507598877,0.07583107078591005,0.20455117225646974,0.0028445292027503254,895,50,62,923,1103,1090,entropy,"{'n_estimators': 895, 'min_samples_split': 50, 'min_samples_leaf': 62, 'max_leaf_nodes': 923, 'max_features': 1103, 'max_depth': 1090, 'criterion': 'entropy'}",0.2972972972972973,0.2972972972972973,0.2972972972972973,0.2702702702702703,0.2702702702702703,0.2864864864864865,0.013240485096125286,117
6.501324844360352,0.25855313530431245,0.2106630802154541,0.007703454948293274,771,73,21,1591,307,1632,entropy,"{'n_estimators': 771, 'min_samples_split': 73, 'min_samples_leaf': 21, 'max_leaf_nodes': 1591, 'max_features': 307, 'max_depth': 1632, 'criterion': 'entropy'}",0.6756756756756757,0.5675675675675675,0.5945945945945946,0.6756756756756757,0.5405405405405406,0.6108108108108107,0.05565205481614593,44
1.3078373908996581,0.09879551946032698,0.17279529571533203,0.05136548740173173,567,34,54,807,297,510,gini,"{'n_estimators': 567, 'min_samples_split': 34, 'min_samples_leaf': 54, 'max_leaf_nodes': 807, 'max_features': 297, 'max_depth': 510, 'criterion': 'gini'}",0.2972972972972973,0.2972972972972973,0.2972972972972973,0.2702702702702703,0.2702702702702703,0.2864864864864865,0.013240485096125286,117
2.3590970993041993,0.11251549437712816,0.20645575523376464,0.0021266726548386993,697,96,7,1027,115,602,entropy,"{'n_estimators': 697, 'min_samples_split': 96, 'min_samples_leaf': 7, 'max_leaf_nodes': 1027, 'max_features': 115, 'max_depth': 602, 'criterion': 'entropy'}",0.5405405405405406,0.5405405405405406,0.5675675675675675,0.5405405405405406,0.4594594594594595,0.5297297297297299,0.03666124315202847,85
1.6245108604431153,0.06611570820955724,0.18474874496459961,0.040277624962825595,548,90,50,1491,1392,1994,gini,"{'n_estimators': 548, 'min_samples_split': 90, 'min_samples_leaf': 50, 'max_leaf_nodes': 1491, 'max_features': 1392, 'max_depth': 1994, 'criterion': 'gini'}",0.2972972972972973,0.2972972972972973,0.2972972972972973,0.2702702702702703,0.2702702702702703,0.2864864864864865,0.013240485096125286,117
9.639997577667236,0.10167482576839286,0.2115088939666748,0.011083510574206682,787,42,27,888,493,824,entropy,"{'n_estimators': 787, 'min_samples_split': 42, 'min_samples_leaf': 27, 'max_leaf_nodes': 888, 'max_features': 493, 'max_depth': 824, 'criterion': 'entropy'}",0.6486486486486487,0.5945945945945946,0.5675675675675675,0.7027027027027027,0.7027027027027027,0.6432432432432432,0.05512453528208418,26
20.636978816986083,0.5584007226589469,0.27606682777404784,0.05993524955570986,884,5,16,1841,1367,616,gini,"{'n_estimators': 884, 'min_samples_split': 5, 'min_samples_leaf': 16, 'max_leaf_nodes': 1841, 'max_features': 1367, 'max_depth': 616, 'criterion': 'gini'}",0.6756756756756757,0.6486486486486487,0.5135135135135135,0.7567567567567568,0.7027027027027027,0.6594594594594595,0.08126106150471844,19
0.6902135848999024,0.06032763356230772,0.12037286758422852,0.0030826275380607822,279,63,84,412,179,1643,gini,"{'n_estimators': 279, 'min_samples_split': 63, 'min_samples_leaf': 84, 'max_leaf_nodes': 412, 'max_features': 179, 'max_depth': 1643, 'criterion': 'gini'}",0.2972972972972973,0.2972972972972973,0.2972972972972973,0.2702702702702703,0.2702702702702703,0.2864864864864865,0.013240485096125286,117
1.6468303680419922,0.09289857085372796,0.21212024688720704,0.006632824875453836,672,22,95,1861,372,742,gini,"{'n_estimators': 672, 'min_samples_split': 22, 'min_samples_leaf': 95, 'max_leaf_nodes': 1861, 'max_features': 372, 'max_depth': 742, 'criterion': 'gini'}",0.2972972972972973,0.2972972972972973,0.2972972972972973,0.2702702702702703,0.2702702702702703,0.2864864864864865,0.013240485096125286,117
13.95770697593689,0.685070220211242,0.17046079635620118,0.05588676204585785,647,32,24,1414,858,836,entropy,"{'n_estimators': 647, 'min_samples_split': 32, 'min_samples_leaf': 24, 'max_leaf_nodes': 1414, 'max_features': 858, 'max_depth': 836, 'criterion': 'entropy'}",0.6486486486486487,0.5405405405405406,0.5945945945945946,0.7297297297297297,0.5945945945945946,0.6216216216216217,0.06395761927675259,36
1.1885622024536133,0.10547748576102656,0.1579103946685791,0.04914022283989094,369,54,1,103,46,343,gini,"{'n_estimators': 369, 'min_samples_split': 54, 'min_samples_leaf': 1, 'max_leaf_nodes': 103, 'max_features': 46, 'max_depth': 343, 'criterion': 'gini'}",0.6756756756756757,0.5945945945945946,0.6216216216216216,0.6756756756756757,0.7027027027027027,0.654054054054054,0.03972145528837586,24
4.48980941772461,0.1537958179914014,0.2285862922668457,0.04351656512222089,936,65,43,412,282,1182,entropy,"{'n_estimators': 936, 'min_samples_split': 65, 'min_samples_leaf': 43, 'max_leaf_nodes': 412, 'max_features': 282, 'max_depth': 1182, 'criterion': 'entropy'}",0.6756756756756757,0.4864864864864865,0.5675675675675675,0.5945945945945946,0.4594594594594595,0.5567567567567568,0.077582162672472,70
2.0362348556518555,0.059617653245089185,0.2076657772064209,0.0078079323575654955,927,32,72,968,1321,1609,entropy,"{'n_estimators': 927, 'min_samples_split': 32, 'min_samples_leaf': 72, 'max_leaf_nodes': 968, 'max_features': 1321, 'max_depth': 1609, 'criterion': 'entropy'}",0.2972972972972973,0.2972972972972973,0.2972972972972973,0.2702702702702703,0.2702702702702703,0.2864864864864865,0.013240485096125286,117
5.022026920318604,0.10282331460085736,0.19252147674560546,0.04523382800068066,664,98,6,295,1148,1560,entropy,"{'n_estimators': 664, 'min_samples_split': 98, 'min_samples_leaf': 6, 'max_leaf_nodes': 295, 'max_features': 1148, 'max_depth': 1560, 'criterion': 'entropy'}",0.4864864864864865,0.40540540540540543,0.4594594594594595,0.4594594594594595,0.35135135135135137,0.43243243243243246,0.04834741572972519,113
1.0947325706481934,0.09205747894874697,0.17349748611450194,0.057589874164652916,490,99,84,802,80,1558,entropy,"{'n_estimators': 490, 'min_samples_split': 99, 'min_samples_leaf': 84, 'max_leaf_nodes': 802, 'max_features': 80, 'max_depth': 1558, 'criterion': 'entropy'}",0.2972972972972973,0.2972972972972973,0.2972972972972973,0.2702702702702703,0.2702702702702703,0.2864864864864865,0.013240485096125286,117
11.986337900161743,0.3827269433339616,0.11877031326293945,0.002868535158783381,266,86,2,437,1483,1289,entropy,"{'n_estimators': 266, 'min_samples_split': 86, 'min_samples_leaf': 2, 'max_leaf_nodes': 437, 'max_features': 1483, 'max_depth': 1289, 'criterion': 'entropy'}",0.7027027027027027,0.4594594594594595,0.5135135135135135,0.4864864864864865,0.4864864864864865,0.5297297297297298,0.08815949421783834,87
5.697064924240112,0.24189511495932886,0.20981817245483397,0.007352783556747156,922,72,45,1780,569,1001,entropy,"{'n_estimators': 922, 'min_samples_split': 72, 'min_samples_leaf': 45, 'max_leaf_nodes': 1780, 'max_features': 569, 'max_depth': 1001, 'criterion': 'entropy'}",0.6486486486486487,0.4594594594594595,0.5945945945945946,0.6216216216216216,0.4594594594594595,0.5567567567567567,0.08126106150471842,71
1.3318209648132324,0.0238442268596578,0.20557832717895508,0.003768297550018281,613,46,68,1493,1025,339,gini,"{'n_estimators': 613, 'min_samples_split': 46, 'min_samples_leaf': 68, 'max_leaf_nodes': 1493, 'max_features': 1025, 'max_depth': 339, 'criterion': 'gini'}",0.2972972972972973,0.2972972972972973,0.2972972972972973,0.2702702702702703,0.2702702702702703,0.2864864864864865,0.013240485096125286,117
1.2121880531311036,0.059785904575568004,0.1062401294708252,0.00677152248886912,200,91,44,727,758,390,gini,"{'n_estimators': 200, 'min_samples_split': 91, 'min_samples_leaf': 44, 'max_leaf_nodes': 727, 'max_features': 758, 'max_depth': 390, 'criterion': 'gini'}",0.5945945945945946,0.5135135135135135,0.5945945945945946,0.6216216216216216,0.4594594594594595,0.5567567567567567,0.06067552519092878,71
1.0883934020996093,0.05172252739815488,0.10429730415344238,0.0018622548982358286,303,42,45,1760,210,1421,gini,"{'n_estimators': 303, 'min_samples_split': 42, 'min_samples_leaf': 45, 'max_leaf_nodes': 1760, 'max_features': 210, 'max_depth': 1421, 'criterion': 'gini'}",0.5945945945945946,0.5135135135135135,0.5675675675675675,0.5675675675675675,0.4594594594594595,0.5405405405405406,0.04834741572972518,79
3.044962501525879,0.04823279398148544,0.12840123176574708,0.043035376157691284,414,57,36,1018,741,1745,gini,"{'n_estimators': 414, 'min_samples_split': 57, 'min_samples_leaf': 36, 'max_leaf_nodes': 1018, 'max_features': 741, 'max_depth': 1745, 'criterion': 'gini'}",0.6216216216216216,0.5675675675675675,0.5675675675675675,0.5405405405405406,0.5405405405405406,0.5675675675675675,0.02960662473000896,61
1.321998119354248,0.06785349998872173,0.12492961883544922,0.03933003011381921,564,43,89,1988,1049,378,entropy,"{'n_estimators': 564, 'min_samples_split': 43, 'min_samples_leaf': 89, 'max_leaf_nodes': 1988, 'max_features': 1049, 'max_depth': 378, 'criterion': 'entropy'}",0.2972972972972973,0.2972972972972973,0.2972972972972973,0.2702702702702703,0.2702702702702703,0.2864864864864865,0.013240485096125286,117
3.2620646476745607,0.08515866396201562,0.20466742515563965,0.0032932073571107622,816,61,29,1068,93,1262,entropy,"{'n_estimators': 816, 'min_samples_split': 61, 'min_samples_leaf': 29, 'max_leaf_nodes': 1068, 'max_features': 93, 'max_depth': 1262, 'criterion': 'entropy'}",0.6216216216216216,0.5945945945945946,0.5405405405405406,0.7027027027027027,0.6756756756756757,0.6270270270270271,0.05771393649746654,31
2.641842317581177,0.06188124122491318,0.20368752479553223,0.0006357081436897504,631,27,47,912,550,64,gini,"{'n_estimators': 631, 'min_samples_split': 27, 'min_samples_leaf': 47, 'max_leaf_nodes': 912, 'max_features': 550, 'max_depth': 64, 'criterion': 'gini'}",0.5945945945945946,0.4594594594594595,0.5405405405405406,0.6216216216216216,0.43243243243243246,0.5297297297297298,0.0737199010647884,87
0.11505465507507324,0.0051183703146945635,0.10261540412902832,0.0002414732465071547,22,51,69,765,1360,700,gini,"{'n_estimators': 22, 'min_samples_split': 51, 'min_samples_leaf': 69, 'max_leaf_nodes': 765, 'max_features': 1360, 'max_depth': 700, 'criterion': 'gini'}",0.2972972972972973,0.2972972972972973,0.2972972972972973,0.2702702702702703,0.2702702702702703,0.2864864864864865,0.013240485096125286,117
1.164843988418579,0.03091577404780778,0.16270122528076172,0.04934794971209392,518,24,92,1761,752,1551,entropy,"{'n_estimators': 518, 'min_samples_split': 24, 'min_samples_leaf': 92, 'max_leaf_nodes': 1761, 'max_features': 752, 'max_depth': 1551, 'criterion': 'entropy'}",0.2972972972972973,0.2972972972972973,0.2972972972972973,0.2702702702702703,0.2702702702702703,0.2864864864864865,0.013240485096125286,117
1.497639274597168,0.13270393409941217,0.18414411544799805,0.040789141294861594,644,57,89,334,826,729,entropy,"{'n_estimators': 644, 'min_samples_split': 57, 'min_samples_leaf': 89, 'max_leaf_nodes': 334, 'max_features': 826, 'max_depth': 729, 'criterion': 'entropy'}",0.2972972972972973,0.2972972972972973,0.2972972972972973,0.2702702702702703,0.2702702702702703,0.2864864864864865,0.013240485096125286,117
0.7356138706207276,0.01900953572355458,0.10366692543029785,0.0014197759852345555,296,83,82,1517,619,1229,gini,"{'n_estimators': 296, 'min_samples_split': 83, 'min_samples_leaf': 82, 'max_leaf_nodes': 1517, 'max_features': 619, 'max_depth': 1229, 'criterion': 'gini'}",0.2972972972972973,0.2972972972972973,0.2972972972972973,0.2702702702702703,0.2702702702702703,0.2864864864864865,0.013240485096125286,117
8.597331333160401,0.8583700385027323,0.10897107124328613,0.007336207019148474,436,86,3,561,633,564,entropy,"{'n_estimators': 436, 'min_samples_split': 86, 'min_samples_leaf': 3, 'max_leaf_nodes': 561, 'max_features': 633, 'max_depth': 564, 'criterion': 'entropy'}",0.6756756756756757,0.4864864864864865,0.5675675675675675,0.5675675675675675,0.4864864864864865,0.5567567567567567,0.06964377690121687,71
0.16277642250061036,0.02098112158276109,0.12041721343994141,0.0047142402722799995,36,73,65,965,1088,354,entropy,"{'n_estimators': 36, 'min_samples_split': 73, 'min_samples_leaf': 65, 'max_leaf_nodes': 965, 'max_features': 1088, 'max_depth': 354, 'criterion': 'entropy'}",0.2972972972972973,0.2972972972972973,0.2972972972972973,0.2702702702702703,0.2702702702702703,0.2864864864864865,0.013240485096125286,117
1.7874277591705323,0.16007920097996278,0.14721312522888183,0.05022511775474303,516,66,27,670,103,1418,gini,"{'n_estimators': 516, 'min_samples_split': 66, 'min_samples_leaf': 27, 'max_leaf_nodes': 670, 'max_features': 103, 'max_depth': 1418, 'criterion': 'gini'}",0.6486486486486487,0.6216216216216216,0.6486486486486487,0.6756756756756757,0.5405405405405406,0.6270270270270271,0.04649905549752771,31
3.8894327163696287,0.08514059750961409,0.2277012825012207,0.03851880276345845,986,33,19,367,121,1538,gini,"{'n_estimators': 986, 'min_samples_split': 33, 'min_samples_leaf': 19, 'max_leaf_nodes': 367, 'max_features': 121, 'max_depth': 1538, 'criterion': 'gini'}",0.7027027027027027,0.5945945945945946,0.6486486486486487,0.7027027027027027,0.6486486486486487,0.6594594594594595,0.04045035012728585,19
1.3024152278900147,0.0443433807150504,0.16817159652709962,0.053415630645601044,476,46,36,658,79,1329,gini,"{'n_estimators': 476, 'min_samples_split': 46, 'min_samples_leaf': 36, 'max_leaf_nodes': 658, 'max_features': 79, 'max_depth': 1329, 'criterion': 'gini'}",0.6756756756756757,0.5135135135135135,0.5945945945945946,0.6216216216216216,0.5135135135135135,0.5837837837837838,0.06303731778211136,54
5.637288904190063,0.9726064477485385,0.19183382987976075,0.043801279900157544,513,60,22,182,436,595,entropy,"{'n_estimators': 513, 'min_samples_split': 60, 'min_samples_leaf': 22, 'max_leaf_nodes': 182, 'max_features': 436, 'max_depth': 595, 'criterion': 'entropy'}",0.6486486486486487,0.5405405405405406,0.6216216216216216,0.7027027027027027,0.5405405405405406,0.6108108108108109,0.06303731778211136,43
