,0
0,67.9298245614035
1,0.9851003501947656
2,7.5666874513384705
3,2.818775946213097
4,3.25880889325088
5,3.8044441143827874
6,3.890507145084729
7,5.716015462299326
8,5.538462998288714
9,2.199312494017025
10,1.4277018417140948
11,1.0331715111031812
12,3.870500801139862
13,1.1740265525049391
14,0.3275040830337655
15,3.948343078142627
16,1.370971806261219
17,0.9524829759376284
18,0.9233611460768589
19,1.3994733765006355
20,0.7733041069251396
21,2.979381400365646
22,1.128205128205128
23,0.4076515045098388
24,6.245182233042634
25,4.235911117191711
26,1.0445655387994757
27,1.6882354563956607
28,0.5014245014245015
29,1.128205128205128
30,0.5014245014245015
31,1.308653861583144
32,1.128205128205128
33,6.659081292226829
34,1.3742592650672683
35,0.22166151551596397
36,4.313329259089398
37,1.1282051282051282
38,5.925780289997543
39,2.0909480220544516
40,1.128205128205128
41,
42,0.4773175542406311
43,1.7800387596899434
44,2.0227548549877694
45,1.8082682381962194
46,2.187863267971472
47,1.0063845367125994
48,0.23314560668023512
49,0.23798956780179953
50,0.17167329258966732
51,0.5940366434419563
52,0.070360346020151
53,1.5547539603811587
54,0.29046526322792143
55,6.769230769230769
56,1.128205128205128
57,1.2774010204740682
58,0.06405560251714026
59,6.769230769230772
60,2.417582417582417
61,0.5344129554655993
62,0.9765886286318791
63,1.8887183462534616
64,0.7724818764758614
65,6.769230769230769
66,1.1282051282051282
67,2.0002376531515513
68,0.33415008979540456
69,6.76923076923077
70,1.9621570293937178
71,1.1031682681429638
72,0.24005912253867034
73,0.25662129558228663
74,0.5400339310551681
75,0.21331994831739878
76,0.288422244825417
77,1.0227919741903293
78,0.17469747720494813
79,0.21157250692924687
80,0.610917264046568
81,0.1562218867075111
82,0.17134174745456013
83,0.4987824043749328
84,3.93942871662485
85,1.4125099677734263
86,6.147381894573227
87,0.7554411565003775
88,0.9449440436464527
89,1.807934408789899
90,2.132109255001697
91,1.7997953300856677
92,1.3207005891500037
93,1.9893475949893649
94,0.5414707649225027
95,0.07430603708591
96,6.64620667084612
97,0.6750992575411037
98,1.212273852156093
99,1.451143139514962
100,0.10221268482113889
101,0.5231661829790356
102,1.6866324435229647
103,1.931109267662868
104,1.3979215194933923
105,1.410700980000887
106,1.3186621141718204
107,1.361519055755468
108,2.212330345721599
109,1.325179025444484
110,1.3996220627954723
111,0.5674188187312781
112,1.5182657976672056
113,0.1810832223404511
114,1.2690454142033263
115,1.8701785687184123
116,1.097131823040033
117,1.0593721673773082
118,1.7221668941555672
119,1.4932395654330606
120,1.511083987022141
121,0.8406674959266287
122,1.1414346233614805
123,1.7805802880911192
124,1.005187376725604
125,2.5279180822151903
126,1.0726126472175253
127,1.3387305753924397
128,0.10744042202391825
129,0.10408275366814403
130,5.405266225086817
131,2.3838221476475794
132,2.5799364705172785
133,0.1901612716092329
134,0.5014245014245013
135,0.5014245014245013
136,5.384968469614111
137,1.0022139407346988
138,0.31229051472976044
139,0.33469037925862444
140,0.3055508379060226
141,1.0820391858272287
142,1.4342402453803818
143,1.1889813482560403
144,1.1241892606806412
145,1.0304838006153372
146,0.9787151698982286
147,0.9179309452659064
148,0.915890010756702
149,0.8310950775996132
150,0.9257656740478357
151,0.7250102050707029
152,1.4117379202420413
153,1.1524266070078357
154,0.9489574291436343
155,0.9633982795822587
156,0.7079799648974087
157,0.796036002862304
158,0.7659230964776196
159,0.668986077754471
160,1.4342402453803818
161,1.045783437512764
162,1.0658850044798431
163,1.135334235671839
164,0.9411947181302328
165,0.6839488522148208
166,0.7539733046802058
167,0.6095394294531769
168,0.42425588096540223
169,0.5249447297728593
170,0.960780995804344
171,0.39476348528263394
172,0.08366034992340499
173,0.1641287677770045
174,0.11608112847113101
175,0.3729244751454826
176,0.3084322546786873
177,0.3159292544215091
178,0.2918867290943969
179,0.17718654432317177
180,0.7646512431678806
181,1.2049201288143232
182,0.23740867758675693
183,2.9470555517466823
184,1.12336960787642
185,1.3653478180767884
186,1.2180666788399914
187,0.8405495703794971
188,1.4375050454065357
189,0.8859210199208232
190,1.0095329139874636
191,1.2466607530123899
192,1.4364924882440637
193,1.513302889354728
194,0.025392367666471516
195,1.081761306905581
196,0.5565909456382826
197,0.10380109208488728
198,0.6341471976353963
199,2.644532486847051
200,3.7191985598815616
201,3.2764494127144586
202,4.259786607602121
203,5.141819752222719
204,4.946362118988202
205,4.412359603435465
206,6.423795708951769
207,4.581259911682577
208,5.725734818374486
209,6.484464689827975
210,6.909951732181581
211,0.7261371106728571
212,1.2961146368422412
213,0.7210767367173075
214,0.8426531261282559
215,1.1476236451578634
216,1.2196997785539425
217,1.0934671959974243
218,2.0363918153746425
219,1.068275472123329
220,3.9796059775449364
221,1.7057721609990109
222,4.075308899951064
223,3.8772203854888287
224,3.935711532518384
225,1.8853360304563198
226,6.607280565928481
227,1.3379461326980626
228,1.2024802607141891
229,1.0060166903372565
230,1.2297531592286357
231,1.247019400593681
232,1.2825942637479464
233,1.0531987535229512
234,1.5104496140680086
235,0.548779348362895
236,1.7521074044595135
237,0.8359642615509353
238,1.4583207443793131
239,1.162554220612757
240,0.7620728206791572
241,1.8348848433809095
242,1.9692841451335175
243,1.5533486111459636
244,6.607280565928481
245,2.4911817992442984
246,0.13495035142558393
247,0.28010856788333655
248,0.12588327073526454
249,0.3916990082506217
250,1.8853360304563198
251,1.2651224323270205
252,2.3148369470767007
253,2.678128740473799
254,2.5909232584011583
255,2.795421678970596
256,7.7782198954333746
257,9.81214477305366
258,2.1666872079422435
259,1.8453223237300325
260,3.0671802250996545
261,3.495435463338699
262,5.146170110691323
263,10.741796291332536
264,4.083742317987772
265,2.4419831509996555
266,3.614077873312901
267,4.212931771097691
268,8.103738892484694
269,9.165605768883529
270,1.0501624655985882
271,0.9316253972168189
272,2.003881365870275
273,2.390976192688693
274,0.8334123229264604
275,1.6725673386713986
276,1.504140925191749
277,1.2713681168562243
278,0.6300612363175648
279,1.1841286613173854
280,0.5054496981095625
281,1.6793500837319166
282,1.50938951028242
283,1.6640394490963422
284,1.3210117390409435
285,0.22536280099167771
286,2.32602369831199
287,0.7081916416122497
288,0.07733625953397058
289,0.35319621848119237
290,0.1505935843257431
291,1.3726479046343254
292,0.9826618597316271
293,1.2058465903666344
294,1.3025153816538997
295,1.4438601715560218
296,1.3815791066578407
297,1.029294412884121
298,0.9617726499809808
299,1.0571055920074235
300,1.504596316083335
301,1.3136665507785459
302,1.3784349512993856
303,1.4604247569255209
304,1.2098231232337506
305,1.3784349512993856
306,1.4604247569255209
307,1.433073664352578
308,1.3811303310550571
309,1.430357053201843
310,1.1128887191042962
311,1.3784349512993856
312,1.2943603271981445
313,1.3061616760617025
314,1.2999495395657237
315,1.2868174683260099
316,1.3097618195689695
317,1.3423340381346716
318,1.136671517778849
319,1.2067918012252306
320,0.30188585798961315
321,0.0709150698586565
322,0.05459045873301135
323,1.370016064147815
324,0.6523030775020179
325,1.2006867741953984
326,1.3738844738048863
327,1.9680504994356196
328,1.5557817098921691
329,1.788193599776057
330,1.370971806261219
331,0.5061894197199275
332,1.2021691559522827
333,0.9644872170771406
334,1.0345500328821657
335,1.1244275615523902
336,0.8477892077658106
337,1.009954186758964
338,1.411080925833246
339,1.0301912522434638
340,1.2371533205410354
341,1.066836884790388
342,0.9629091001569888
343,0.891908456274089
344,0.9555940588641375
345,1.2059753720308093
346,1.2050536907990395
347,1.1574811244024337
348,1.2059753720308093
349,1.2050536907990395
350,1.1574811244024337
351,1.3607337542058848
352,0.7417526748835156
353,1.2008476070525138
354,1.8227147665257912
355,1.2166108323055063
356,1.3806694781301685
357,1.5107002533085874
358,0.8157147462419145
359,1.4237654463450298
360,1.581807025978701
361,0.8461421082021937
362,1.2783150160318966
363,
364,1.2000141269763531
365,0.05397117446529202
366,1.5985368248883016
367,0.8484794436788646
368,1.453451014479516
369,1.2596971075511876
370,1.3826452610266964
371,1.3018169148276906
372,1.5628848053631945
373,1.3765557578233465
374,0.19666886692758218
375,2.921790072595628
376,0.7073043640138573
377,0.18262017753380405
378,0.4702197279115403
379,0.8415732153878817
380,1.3799066871019077
381,0.8189861918791381
382,1.2073488153071759
383,1.1170124316795869
384,1.1166388049237672
385,0.6940934616829171
386,1.7710270387354208
387,0.21329557174493607
388,0.9390238656770498
389,1.24652639710165
390,1.4281680782638688
391,1.0166856756637808
392,1.2178479719062398
393,0.6039900948899912
394,1.212398722297763
395,0.6198058587763009
396,1.4336140319275246
397,0.8455332092028602
398,1.3975848856823012
399,1.106470391041546
400,1.3370572281483253
401,1.0656838438329046
402,1.0331375943692318
403,0.9428194717870814
404,0.8602792057130962
405,0.26374580362094435
406,2.676378487304363
407,0.6027215120603138
408,0.06347548843910085
409,0.12281128010755414
410,0.19861367047287118
411,1.3796101614445864
412,0.9826618597316271
413,1.2058465903666344
414,1.2578456804080391
415,1.4874856403929417
416,1.4615766733822306
417,0.7570633697300106
418,0.9972745678921928
419,1.5588908320499737
420,0.4680416895381049
421,1.6428783976437111
422,1.5534053293774195
423,1.71378631283801
424,1.2778938369600519
425,1.537428829683839
426,1.7063743086388148
427,1.5645416368591125
428,1.5603036854138852
429,1.7243859852073473
430,1.6147240419809001
431,0.3022282320355063
432,1.623382771616444
433,1.6385193523299364
434,1.652599374560052
435,1.6860480178444535
436,1.683886462106942
437,1.520432074391996
438,0.7596570015352965
439,1.4322522980361452
440,0.781938632717076
441,0.6700201456357929
442,0.29385789654911837
443,1.3721432686855808
444,0.5895910417398486
445,1.2031635048257108
446,0.9855148930076028
447,0.22267037174051804
448,0.7635629085782628
449,1.1418673211477885
450,0.27959731929586584
451,0.32322800287530795
452,0.4382271585126474
453,0.7409375908557481
454,0.5123214054136155
455,0.0454422188197373
456,0.887349881084301
457,0.8225604990179338
458,0.29679157908781856
459,0.7633861417844159
460,0.5131723585045679
461,0.047611313647832026
462,0.6747676461161678
463,0.8286108266508091
464,0.5689932617865477
465,0.5823138439734086
466,0.5781776572363696
467,0.5901703654779265
468,0.5785538784239513
469,1.3773494061543665
470,0.8629141751267907
471,1.2555970081973145
472,1.288086243239817
473,0.7983039010276365
474,1.7333456407123822
475,1.357646664157963
476,0.6776222764081234
477,1.203237846433301
478,1.6036847765193052
479,2.429619396603453
480,1.8644772080898606
481,0.547253600174529
482,1.6296307379021826
483,1.3872103944426983
484,3.2889519009128785
485,1.7146695926695932
486,1.8924125916145675
487,1.8652481118245006
488,2.4406583971169122
489,1.3327894405130507
490,1.8587386861823194
491,2.4400155493257363
492,1.9336566991440416
493,1.8683963201699088
494,2.4540784448053703
495,1.5916948489031102
496,1.8587386861823194
497,1.646478622768998
498,1.7379405198797102
499,1.7059285327158553
500,1.7099373929122548
501,1.7043111558765636
502,1.701805506879754
503,1.3385974822258144
504,1.108421786469069
505,1.2016443295321122
506,0.6439810734787353
507,0.22353829181908158
508,0.8058013686461674
509,1.370016064147815
510,0.5895910417398486
511,1.1999372050337838
512,1.6029370099162539
513,2.421334363627204
514,1.8639551388186084
515,0.5567332616710232
516,1.626642576835031
517,1.3872103944426983
518,3.2886639679686676
519,1.7146695926695932
520,1.893946409659078
521,1.8573271193720127
522,2.4353437429120177
523,1.3306760155899247
524,1.8587386861823194
525,2.437999745867406
526,1.928848557783772
527,1.8683963201699088
528,2.451554574492778
529,1.5882021784691323
530,1.8587386861823194
531,1.5917628943910158
532,1.7379405198797102
533,1.683761241604139
534,1.7099373929122548
535,1.7043111558765636
536,1.7173257838232756
537,1.3385974822258144
538,1.108421786469069
539,1.2016443295321122
540,0.6480320037478106
541,0.22353829181908158
542,0.8033888569675373
543,1.370016064147815
544,0.5895910417398486
545,1.1999372050337838
546,1.263626949372318
547,1.2753060252443937
548,1.292144903039735
549,1.0939683423510074
550,0.8580409406323636
551,1.0401484480431946
552,1.6769733143513754
553,1.213313313976214
554,1.256054179243812
555,1.2958861890231408
556,1.2337447309992324
557,1.1944845963121316
558,1.2958861890231408
559,1.2337447309992324
560,1.294156669420942
561,1.2814572533274298
562,1.2227045853344145
563,0.9273496391933879
564,1.2958861890231408
565,1.0371039382775196
566,1.1724742906120456
567,1.2251675227767613
568,1.2262392196121292
569,1.2246787314277314
570,1.2185903349418465
571,1.208180209767525
572,1.1525476773771006
573,1.1562674526717691
574,0.3121903076158064
575,0.4861810379623103
576,0.681960432686803
577,1.3752790065572054
578,0.5895910417398486
579,1.1999372050337838
580,1.5902437044968394
581,2.334576810410947
582,1.8201636156864134
583,0.5814825961194857
584,1.505610539880694
585,1.31153839504109
586,3.0028549629760013
587,1.651982391853165
588,1.869622917970135
589,1.834601316607322
590,2.3447642059573868
591,1.32193928658943
592,1.834601316607322
593,2.3414422513597994
594,1.8912464689656365
595,1.832253732844764
596,2.3405183611581246
597,1.5639837670376837
598,1.834601316607322
599,1.2434098074244861
600,1.6699911137698362
601,1.6260184548329877
602,1.6548785383047078
603,1.6806279719529003
604,1.6565540472864149
605,1.3059343532532683
606,1.1380851088943174
607,1.189633677512818
608,0.6972704312974213
609,0.24890192370638667
610,0.90460678179042
611,1.370016064147815
612,0.5895910417398486
613,1.1999372050337838
614,0.9665844759496645
615,0.6325228586156074
616,0.8709975930493032
617,1.8633066993480356
618,0.48654877206461283
619,0.8096413042604721
620,0.8181669937857478
621,0.851326185233999
622,0.8097667665877101
623,0.8692131258304913
624,0.573972196777224
625,1.07891892587755
626,0.8777817558347303
627,0.5812018201977442
628,0.8177575114464501
629,0.8409409704475876
630,0.5218794044622975
631,0.6439960002816126
632,0.8777817558347303
633,0.9544502125812584
634,0.8417111881617716
635,0.8508759068512635
636,0.8667645321302636
637,0.8831017867522116
638,0.8511726728719858
639,1.3065329715163994
640,1.0704051030776451
641,1.1896002470723812
642,0.3922038593712846
643,0.5955922153869995
644,0.8545762861895745
645,1.3752790065572054
646,0.5895910417398486
647,1.1999372050337838
648,1.4592482279936079
649,1.9116204936006724
650,1.6360154772490034
651,0.7318775350057011
652,1.1948307263105171
653,1.0985877884581667
654,2.3583903960771444
655,1.4788692798326113
656,1.641290210686426
657,1.6315212688254344
658,1.914552553520714
659,1.2724045537893018
660,1.6315212688254344
661,1.914552553520714
662,1.6669398631269485
663,1.618440617252414
664,1.925391009413192
665,1.3420250023363816
666,1.6315212688254344
667,0.733551542515244
668,1.5023011888367663
669,1.4590621005154771
670,1.5041296793468235
671,1.4613771409251133
672,1.4870058898893488
673,1.3075846744882642
674,1.1441291714701964
675,1.1973062626384376
676,0.3996283700418586
677,0.17956317541379535
678,0.49819950162335636
679,1.370016064147815
680,0.5895910417398486
681,1.1999372050337838
682,0.864489079528635
683,1.4339963827415132
684,3.2305948728733354
685,1.958960674692581
686,7.494907706003815
687,1.0128867337363863
688,0.7266397935304514
689,0.6977971165230102
690,0.6860122548310954
691,10.263386875966313
692,1.0451548757411528
693,2.1392990233874873
694,1.3222067858447355
695,2.6751267567735355
696,1.1943525802572303
697,0.6561598020816286
698,0.6897906137640988
699,0.49577091274636215
700,0.7608400029436763
701,0.6237280619867616
702,0.49488222938146675
703,0.3180892167197047
704,0.22015048641133814
705,0.12117969760791304
706,0.031546557677754924
707,1.7346164464169729
708,0.7528609911166493
709,0.19162536156154295
710,0.49296197144037246
711,0.515986267643736
712,1.381969135663947
713,0.9369914746015694
714,1.2073488153071759
715,1.3274922369879747
716,1.072447712573364
717,0.250951997169329
718,1.6300700772672663
719,2.3603197083720966
720,0.887541509666243
721,1.3698067780688048
722,1.0894359155391478
723,1.3128320552499135
724,0.5416433472304256
725,1.190685555464512
726,0.994118049023358
727,1.258205077241449
728,2.3547307897418155
729,1.1985788021758441
730,0.5424282492039463
731,1.213281466126589
732,0.9873999430827902
733,1.6923113983213305
734,1.126394912284598
735,1.1049503404257452
736,0.6770839992831681
737,0.5977548741464842
738,0.38825475313663604
739,0.09859370885548457
740,1.7171250925840538
741,0.7346059958429201
742,0.8792356815328777
743,1.2980630652032794
744,2.0642176070529423
745,1.3770374113283343
746,0.9826618597316271
747,1.2058465903666344
748,0.879709669042812
749,1.4059122410515146
750,2.8776609523877674
751,1.953152996653622
752,7.037600047055538
753,1.008877022211098
754,0.766671761676607
755,0.7105111120027833
756,0.7143668825545225
757,7.995454134128044
758,1.0585564308760382
759,1.64847469680756
760,1.272983319832811
761,2.323668181484394
762,1.2047651796275358
763,0.5928159886791318
764,0.7099261763655355
765,0.5640137068279136
766,0.7722233411238006
767,0.6707960986376018
768,0.5979011435903326
769,0.40351713603489436
770,0.33971624556611957
771,0.23476885954529825
772,0.030367338571975107
773,1.709889380077928
774,0.7590329721708347
775,0.12768344985388644
776,0.40363159400419624
777,0.2641890456386019
778,1.3842017541546319
779,0.9369914746015694
780,1.2073488153071759
781,1.5732089494299906
782,0.9230412312114289
783,0.06885254634420611
784,1.4705536848786225
785,0.8378073028746104
786,0.8216289195369311
787,1.592552296735665
788,1.2455777798567982
789,1.627586751353
790,0.5676189071047465
791,1.2559012827224485
792,0.82883503663802
793,1.2282931730472566
794,2.4811259888326562
795,1.122466820502149
796,0.9592254145479956
797,1.3918192051700766
798,1.1669638567643281
799,2.373145439267534
800,1.250863501475261
801,1.3363773384990463
802,0.8326356686130234
803,0.6404264858765568
804,0.43898614271398445
805,0.31792490344753344
806,1.9609304776199987
807,0.7101572428923767
808,1.1720921654026057
809,1.4343146509314388
810,1.2785544926881134
811,1.3796101614445864
812,0.9826618597316271
813,1.2073488153071759
814,0.9917579508732056
815,1.3078240013150617
816,1.8726617470381213
817,1.8486149961759926
818,5.844558176047869
819,0.9823441692788727
820,0.9340775850300671
821,0.804238083739062
822,0.8499045855520161
823,7.145346013238709
824,1.0855794798228429
825,1.224559055273388
826,1.2582340959265708
827,2.290457494992489
828,1.2512589623222778
829,0.5222318256041486
830,0.8045410348145787
831,0.7394753482040983
832,0.9727022073121733
833,0.8339105306231437
834,0.7810784413726499
835,0.5497036079376192
836,0.4406269482926689
837,0.31663964656818305
838,0.023714648315927806
839,1.7438639015177102
840,0.7652684646072653
841,0.2772680397352059
842,0.6029186167777709
843,0.30641322152528944
844,1.3842017541546319
845,0.9369914746015694
846,1.2073488153071759
847,0.026875578463220057
848,3.380296216126467
849,6.775162763669629
850,2.8745210855938703
851,10.422374805730634
852,1.387182572490441
853,0.42026351579019317
854,0.05145727970509614
855,0.07419838224855753
856,5.540211753149053
857,0.6357879344828717
858,1.76714961516767
859,2.4314481560233845
860,1.5788772601532404
861,0.011609326617404334
862,4.818306715993199
863,0.05658819860080734
864,1.3161957776847122
865,0.04781615217991634
866,0.5519887292944857
867,1.1152510505674895
868,1.4194834286416504
869,1.5988460840127283
870,1.759712762485038
871,0.03247919791370923
872,1.6368223323567548
873,0.8221659126071827
874,2.723761763748455
875,1.703646437314782
876,2.044607508315028
877,1.3796101614445864
878,0.8189861918791381
879,1.2073488153071759
880,1.1603083561644791
881,0.8097694618095114
882,0.5675769883234819
883,0.6993333218288683
884,1.0166532320055954
885,0.996090864027095
886,0.8065398362905728
887,0.5806916120284115
888,2.7863731447448563
889,2.8395411711682614
890,2.716856986159854
891,3.005218583475518
892,3.148061835077085
893,2.8897570610706134
894,2.215761876988634
895,1.519564438625529
896,2.8259123780977458
897,3.679247820241814
898,3.1179242034664503
899,3.2280679767463454
900,3.488015404191875
901,3.853102554821917
902,3.488234642984196
903,2.576117763363092
904,3.785229718701171
905,4.007437373127889
906,4.006385675720343
907,4.177375263328099
908,4.252225207730658
909,3.9623187451349757
910,3.197927198303657
911,2.170914794368473
912,3.415715199242599
913,4.438096560124172
914,4.052886789495233
915,3.8630523141613913
916,4.017363084147077
917,4.490182735391952
918,4.278007681011614
919,3.1972225353038937
920,0.11258672677793935
921,0.3442892092645413
922,0.06820491360052838
923,0.1017395130763086
924,0.3692508945233729
925,0.5540759689797807
926,0.6024034313885717
927,0.537833219280338
928,6.306435735365048
929,6.202364426367676
930,4.925302815018707
931,3.7776799048680143
932,3.9490939699637444
933,4.472282896326603
934,4.556425245546077
935,4.057373021002082
936,6.816420226303295
937,6.468474307193087
938,6.911964785008917
939,5.718227607868388
940,6.3603786302540986
941,7.775838612064418
942,7.753479919354087
943,6.040111445968318
944,3.5021234267379255
945,0.23038501025427535
946,1.3453657867605644
947,2.5045168637820514
948,1.3779616766882816
949,0.8391814722111326
950,0.30068868712301994
951,0.39065068048614404
952,4.110490242717208
953,4.24269852630745
954,4.767931541756386
955,4.5569580351265895
956,5.1600613566499405
957,6.463778190559741
958,6.442986371176037
959,4.880789594501159
960,4.994797195323154
961,5.571279482891851
962,5.345263268282292
963,4.890585929293122
964,5.245289750796543
965,6.3108858732214745
966,6.011036884086169
967,4.909021583988449
968,3.4859860500847484
969,1.0592132911475558
970,2.1573208051350434
971,2.4309019130475296
972,1.4571583608886738
973,1.254818031509816
974,0.6722205888843051
975,0.7977594195764481
976,5.063839606353893
977,1.0484496063422337
978,1.1048171069833719
979,1.2646100953192325
980,2.031291840090254
981,0.03283164825925174
982,2.1204715490668393
983,1.252692017732559
984,3.7478320051841267
985,0.5258737041864491
986,1.075018572836771
987,0.20228142532660495
988,1.6035566157157992
989,0.9962782195761505
990,2.2025591683443393
991,0.2239639972191939
992,6.750212349618865
993,4.563336894663202
994,1.1080658739437246
995,3.6436029152428575
996,0.484983966582254
997,5.032237943505242
998,2.9567344276438914
999,2.3569183429943785
1000,4.405751413196326
1001,1.226849598364256
1002,0.7501702050763602
1003,0.17990344610480818
1004,1.2009445135962107
1005,0.6777442957233865
1006,1.7971779288001206
1007,0.2647243643510447
1008,3.9800015989350266
1009,1.855019849550364
1010,1.0273310653944157
1011,0.3119702269321168
1012,1.6536575301239058
1013,1.2506911104146794
1014,0.8010782019401947
1015,0.361922734217561
1016,13.284591972473423
1017,1.8205959097070297
1018,0.9408360617985724
1019,2.652194505960663
1020,1.4080468289528916
1021,3.1634155274367024
1022,1.8649719040069401
1023,2.0173751343125392
1024,5.377483657716172
1025,8.596695693783596
1026,1.290156582508207
1027,1.5594808479246094
1028,1.956409159940977
1029,0.303775431493218
1030,1.2616772675625951
1031,2.1907292236443245
1032,6.388600611375603
1033,0.6742155189175575
1034,1.45404569947752
1035,0.31621835968099704
1036,1.7968330039143987
1037,1.614472414709737
1038,1.4204198559705634
1039,0.30021173253033706
1040,4.874439022185516
1041,2.592111238531614
1042,0.7367172880654589
1043,1.1856489047728485
1044,0.5585231855475902
1045,3.0781349250349
1046,2.649412502522751
1047,1.1397820866074055
1048,4.987225054588249
1049,0.886728342460288
1050,0.6661483369577795
1051,0.029482106268466653
1052,1.552252106916517
1053,0.45400194815639705
1054,0.8151751508031017
1055,0.0850660144485609
1056,4.0747762525613265
1057,1.4223336696512654
1058,0.7872214895302153
1059,0.028334071129518676
1060,1.073090416276101
1061,0.688543208906554
1062,1.3042724531310437
1063,0.08697791466391289
1064,4.659099294093984
1065,2.3735012168552703
1066,0.9168279631674646
1067,4.085200477445964
1068,1.6196012015004482
1069,0.46360246653088577
1070,1.9116851786981395
1071,0.9341069099814244
1072,0.3924137974976251
1073,0.4809957088855699
1074,0.4701077657531866
1075,0.06951391150901237
1076,0.36090729248832154
1077,0.4678922931285347
1078,0.40851787090114733
1079,0.1372448952087645
1080,0.17697653833702653
1081,0.9126906471190915
1082,0.7945055209214945
1083,0.10711084961134824
1084,0.8506278862393721
1085,3.6941630782281196
1086,3.1417406055437658
1087,0.8143851047626107
1088,0.3127648759848058
1089,0.9360516381712529
1090,1.2904537212668428
1091,1.0458866031353928
1092,0.912096559787736
1093,0.23085907317983154
1094,0.6744453453892262
1095,2.7210110681227837
1096,2.4966046543947416
1097,2.2352822383807487
1098,1.6333911338885934
1099,1.4560935619623097
1100,1.4760035096869935
1101,0.6760721755013117
1102,0.8184338936167366
1103,4.084351798550156
1104,3.373881849277876
1105,3.3476032370978825
1106,2.240583453087957
1107,2.4303464508926944
1108,2.184147118821077
1109,0.8026420873663027
1110,1.1510061678235648
1111,3.70134674612045
1112,2.992443418317827
1113,3.4401434199043996
1114,2.277997895338287
1115,2.109829120986903
1116,2.091165288660742
1117,1.0614599001711484
1118,0.9461999989695659
1119,4.482772715056917
1120,3.6984059186568334
1121,3.3141960925995284
1122,2.498264816872795
1123,2.740543290684593
1124,2.3822608227723605
1125,1.4122165478085362
1126,1.7191374451150374
1127,4.5875598112027065
1128,3.260264767717685
1129,4.137852903885213
1130,2.687098997075761
1131,2.539472657866571
1132,2.592494242929941
1133,1.743597017053446
1134,0.851501401068949
1135,1.48247920767698
1136,1.9315897497889745
1137,1.669397656309543
1138,1.9615440687587709
1139,1.301035868129207
1140,0.9364856053723937
1141,5.453827346240974
1142,5.082757255135022
1143,4.52039116895412
1144,4.733417293565873
1145,5.118284811052074
1146,4.349848896994632
1147,3.7587246504714393
1148,3.451911182379517
1149,2.865952554597423
1150,3.1382102975399797
1151,4.6285928442831334
1152,4.115134733047744
1153,4.39349550340692
1154,3.6484670461516506
1155,3.6030971667061222
1156,2.842222326367801
1157,2.2724701158844454
1158,2.2552870368719504
1159,5.448170629084602
1160,4.306490961129172
1161,4.149703076450063
1162,3.953221496240172
1163,3.3832253238993606
1164,2.7990718454083026
1165,1.5328819416600117
1166,2.673627875926793
1167,4.034045088585021
1168,3.86046160105256
1169,3.8102320262004086
1170,3.097081116611191
1171,2.8197042642797476
1172,2.5221576183842296
1173,0.7902044996868508
1174,2.0842203280646467
1175,4.661144066029564
1176,4.164653719279744
1177,3.532744364675936
1178,3.6783155361354716
1179,2.9696732046160093
1180,2.673190228226317
1181,5.256383065502742
1182,8.041630223395826
1183,5.666340573644161
1184,4.601797014304649
1185,5.195400822625773
1186,5.922516098051006
1187,6.515382407902722
1188,5.6414742071017905
1189,2.169411053536598
1190,2.526881695521571
1191,2.685923783762977
1192,3.536596391605369
1193,1.2863933967967687
1194,1.6364925976119913
1195,7.880814698513055
1196,7.1446994490878915
1197,1.6789336950716562
1198,2.7830297554577808
1199,1.1282051282051284
1200,3.080119876741656
1201,0.8376484383948406
1202,0.2674289745116652
1203,0.5014245014245015
1204,8.156685697311442
1205,4.923759512091455
1206,3.699307506978856
1207,0.5014245014245015
1208,8.156685697311442
1209,3.997092080836009
1210,4.2916639892639585
1211,8.156685697311442
1212,4.2916639892639585
1213,0.33856437978677745
1214,3.901696991399131
1215,1.1282051282051282
1216,8.56564251990285
1217,4.239134738193152
1218,4.2916639892639585
1219,0.5014245014245015
1220,5.550062622670905
1221,0.8456105074161648
1222,0.2396883297210665
1223,
1224,8.142633514547136
1225,2.6046692948841943
1226,3.6458296133946835
1227,0.7687635367126401
1228,3.921124291491183
1229,4.636790495603991
1230,0.30730896456954676
1231,2.3369963369963367
1232,5.6976289892779715
1233,4.067335610038669
1234,0.39243377675951246
1235,1.1532724063974065
1236,1.1282051282051282
1237,0.8926642235090564
1238,3.510425815051435
1239,1.840037123527963
1240,2.7218095439017262
1241,1.1477028258315622
1242,6.210482190122875
1243,0.9587962277171324
1244,2.495824053896473
1245,1.6562774939425033
1246,3.96719146843617
1247,0.12983218193361384
1248,4.136092187174444
1249,2.5798582307791156
1250,3.7705488854627216
1251,3.7166805071108873
1252,6.558246310732031
1253,0.22802370730644955
1254,4.1939007624081714
1255,0.5175916996511251
1256,4.858184475830128
1257,0.05678185386443506
1258,1.3600465108228665
1259,0.8093347528967775
1260,7.0009278470683185
1261,1.8751566949255756
1262,1.0921120963248487
1263,1.0387133127748702
1264,1.092112096325064
1265,1.1607663245879913
1266,0.2405692974906031
1267,1.4511757854967648
1268,0.408423548466097
1269,1.3890683391507235
1270,0.8401447894002939
1271,0.1172570374255298
1272,0.6737627347191184
1273,1.3266787057882587
1274,0.6690907583607597
1275,0.7820589247010019
1276,4.071475436131986
1277,0.10934374046293453
1278,0.4667155854222071
1279,0.06203507504206222
1280,0.7188964269827117
1281,0.3078157964207592
1282,1.514369255022694
1283,0.9213685421857774
1284,1.4901133129498232
1285,1.2504386177332119
1286,0.24248859115054924
1287,1.3069171327306734
1288,0.8640242409490901
1289,2.199185412593873
1290,0.9774625116575143
1291,0.6961742984956995
1292,0.48865055263444584
1293,1.327068752101874
1294,0.7282739643508335
1295,1.1177198889047135
1296,0.16623879481575415
1297,0.24312032144108744
1298,1.622494427269934
1299,0.24581371733704355
1300,0.8881626441195578
1301,2.755539379714113
1302,1.2217226531516774
1303,1.0788904605128358
1304,1.0647001355874115
1305,1.1599022003314516
1306,0.17226612195407695
1307,1.746200337702964
1308,1.3852912048125978
1309,2.2646211269365706
1310,2.0135012452151027
1311,2.0565132757793156
1312,1.823289309737778
1313,1.499564262079499
1314,1.2273613385200561
1315,1.7835680107511371
1316,1.3102297800820375
1317,1.746200337702964
1318,1.3852912048125978
1319,1.746200337702964
1320,1.3852912048125978
1321,1.746200337702964
1322,1.3852912048125978
1323,1.746200337702964
1324,1.3852912048125978
1325,1.0454756013947055
1326,0.5255609966251641
1327,0.9735704848257419
1328,0.8094863572383879
1329,1.0165933318287088
1330,0.9537499751594454
1331,0.98958573209131
1332,0.9554593095639934
1333,1.0404558404565114
1334,1.0042060206421206
1335,0.9761296539737933
1336,0.9910039916369062
1337,1.0238532780176104
1338,1.0126929994305705
1339,0.8458039934102536
1340,1.1178324569435472
1341,1.0115049062058026
1342,1.2482740210924048
1343,1.1368593454667848
1344,1.2618701580974512
1345,1.3473956114822436
1346,1.3969718367032022
1347,1.3543280970541225
1348,1.4281446894655514
1349,1.4169652864565478
1350,1.4088766342072767
1351,1.4305395349697978
1352,1.4269237254572353
1353,0.3827920730049534
1354,0.08155282710959892
1355,0.09092727781558825
1356,0.1917040839932523
1357,0.29163319420286543
1358,0.42338379082429534
1359,0.3540454643408036
1360,0.5987540907821135
1361,0.5486410458804121
1362,0.6658561895242027
1363,0.6620780200779387
1364,0.6379014958478645
1365,0.6508734809145087
1366,0.6620892551614971
1367,0.26687253386391274
1368,1.0942529796022442
1369,0.11649231487076625
1370,1.0075314935458017
1371,0.10458694389896005
1372,0.9572141138601792
1373,0.1072083418528144
1374,0.9296288825503911
1375,0.11223594786670449
1376,0.9118533491847142
1377,0.11360244988527786
1378,0.9025693351560686
1379,0.11858064752632458
1380,0.8955278135239736
1381,1.2140468023544153
1382,0.6546056270775452
1383,1.133579231673637
1384,0.9454892290210286
1385,1.2131865054286972
1386,1.130375698758047
1387,1.3481286658225775
1388,1.2449990947076355
1389,1.275127968028435
1390,1.1749819488855273
1391,1.2306657727347297
1392,1.3339971531434873
1393,1.3627039877912122
1394,1.3599061253445879
1395,0.9088545512377632
1396,0.8211732087457835
1397,0.7967770468930244
1398,0.8516949550918013
1399,0.8768747080457574
1400,0.9009175086755767
1401,1.0199343669342524
1402,1.0179471853125526
1403,1.0756489886939316
1404,1.1016514129506922
1405,1.0806303314640575
1406,1.1213450841099288
1407,1.1382240250883062
1408,1.152377764780306
1409,0.8831676702448452
1410,0.5680669457454485
1411,0.44199696475000655
1412,0.38778087193353006
1413,0.25780367862177395
1414,0.33206694732443104
1415,0.295994084875258
1416,1.0921120963248487
1417,0.7023310322294176
1418,0.38337689711350637
1419,0.694708045514543
1420,1.2908582884151822
1421,0.4598201991695149
1422,0.32221318242012265
1423,0.4860213380341649
1424,1.0052264067764944
1425,1.4944947665759234
1426,1.8040941439133755
1427,2.0503065257135606
1428,1.5460954421541508
1429,1.419068159726792
1430,1.2377418680476096
1431,1.4511757854967648
1432,0.6077615534043914
1433,0.2383481090460132
1434,0.6721484313078155
1435,0.7935463461271127
1436,0.41545806589690815
1437,0.19474455309869035
1438,0.19661503593559834
1439,0.8062754927682325
1440,1.187540365651903
1441,1.4366341518426535
1442,1.8710836386566407
1443,1.1558413209085172
1444,1.2961237141934536
1445,1.2414690490041775
1446,0.6737627347191184
1447,0.11695102838936297
1448,0.3025529655888226
1449,0.36514732139874034
1450,0.600977811712996
1451,1.0921120963248487
1452,0.7023310322294176
1453,0.38337689711350637
1454,0.694708045514543
1455,1.2908582884151822
1456,0.4598201991695149
1457,0.32221318242012265
1458,0.4860213380341649
1459,1.0052264067764944
1460,1.4944947665759234
1461,1.8040941439133755
1462,2.0503065257135606
1463,1.5460954421541508
1464,1.419068159726792
1465,1.2377418680476096
1466,1.4511757854967648
1467,0.6077615534043914
1468,0.2383481090460132
1469,0.6721484313078155
1470,0.7935463461271127
1471,0.41545806589690815
1472,0.19474455309869035
1473,0.19661503593559834
1474,0.8062754927682325
1475,1.187540365651903
1476,1.4366341518426535
1477,1.8710836386566407
1478,1.1558413209085172
1479,1.2961237141934536
1480,1.2414690490041775
1481,0.6737627347191184
1482,0.11695102838936297
1483,0.3025529655888226
1484,0.36514732139874034
1485,0.600977811712996
1486,0.33633758522706886
1487,0.24825978808404117
1488,0.25322958315328403
1489,0.9999431545002796
1490,1.6291609360186368
1491,1.2973459137909706
1492,1.4959466934341241
1493,1.4000162597679056
1494,1.3930623059540035
1495,1.2268004410918416
1496,0.10934374046293453
1497,0.5217840298929213
1498,0.9067378822634017
1499,1.21371072623674
1500,1.6194737780736341
1501,1.094238983467627
1502,0.8589098676893395
1503,1.2473538731207447
1504,0.7252747252747253
1505,0.7252747252747253
1506,0.7252747252747253
1507,
1508,0.5014245014245015
1509,0.5014245014245015
1510,
1511,1.514369255022694
1512,0.667807036933653
1513,0.4407484379732334
1514,0.8347442509163703
1515,1.3080755117045553
1516,0.5836210120731445
1517,0.45447239912085263
1518,0.5496929337693288
1519,1.013745000525289
1520,1.6024324589892107
1521,1.800176477212226
1522,2.0269060640342786
1523,1.5325831316065468
1524,1.3971018270594073
1525,1.2210189893076435
1526,1.3069171327306734
1527,0.5599847608003367
1528,0.2064736097940066
1529,0.7126872254840143
1530,0.6417045817682743
1531,0.5247929923069713
1532,0.21926128614717827
1533,0.15513116678556652
1534,0.5078066247863973
1535,0.7398023790099868
1536,1.0027080314538173
1537,1.1631597693223445
1538,0.990382473472427
1539,1.266250072380699
1540,1.4094782405674233
1541,0.48865055263444584
1542,0.25175253798402086
1543,0.22319735182326644
1544,0.4718558667665206
1545,0.9195821962251934
1546,0.3675836466458553
1547,0.24281482547238023
1548,0.2895683548759223
1549,1.076468037645362
1550,1.4928916552535318
1551,1.212783495127992
1552,1.2809576393952564
1553,1.3411553721336205
1554,1.484112245482282
1555,1.8864522335103888
1556,0.24312032144108744
1557,0.70125728432892
1558,0.2960946034246725
1559,0.37079806450628605
1560,0.4792419586640158
1561,0.2941704412020996
1562,0.14256216690148313
1563,0.2135946873299606
1564,0.5246761882194256
1565,0.45947165814698715
1566,0.9829767302821055
1567,1.4765767743881395
1568,0.9937003295801136
1569,0.8328177961727157
1570,0.6147569829732729
1571,1.2217226531516774
1572,0.6632225636143417
1573,0.3950103284330548
1574,0.7514932279080205
1575,1.302159261994319
1576,0.5283529575094645
1577,0.39380346137494027
1578,0.5275033289618082
1579,1.0877437823701805
1580,1.5742647032548163
1581,1.8146627291017918
1582,2.066748486659378
1583,1.628533054369506
1584,1.5796819700158373
1585,1.5631349451489491
1586,0.7442613903751885
1587,0.8417003740103963
1588,1.346750943017433
1589,1.4528007332835096
1590,4.178879701187579
1591,0.9141871906050199
1592,2.750784883210525
1593,0.7897755418692437
1594,1.1611894238683202
1595,0.529401662059279
1596,2.2923025938603274
1597,0.16409603551819274
1598,0.6056143743655802
1599,0.904441347630908
1600,1.3740563074553385
1601,0.8505905411311481
1602,1.641809823677857
1603,1.5376847461032823
1604,0.6477741078103593
1605,1.8758423269274547
1606,2.0793994963910327
1607,2.0905011727529947
1608,0.8546771973146892
1609,2.1507333295300084
1610,1.9922527684658555
1611,1.9925261848850793
1612,0.08679759331245449
1613,2.4142390493924357
1614,2.26791190338707
1615,2.3199008703017174
1616,0.3799188233935939
1617,2.478293864525379
1618,2.068278934872488
1619,2.1052801268008183
1620,1.0388130791149575
1621,0.43835734220536904
1622,1.200448781682354
1623,1.0006920330918048
1624,3.430715718096578
1625,0.9404171674766034
1626,2.902952736846237
1627,4.602019325855039
1628,0.8655256181899896
1629,2.1949472773382186
1630,1.4528699639500118
1631,2.6192856466101433
1632,2.9192133098842326
1633,2.9266163213940675
1634,1.046816842654388
1635,3.713230090037728
1636,2.9266163213940675
1637,1.046816842654388
1638,2.6356111702904452
1639,2.9192133098842326
1640,1.0479905344963685
1641,3.557643524328199
1642,2.9266163213940675
1643,2.5304590610664297
1644,2.673817237682117
1645,2.6281855001818224
1646,2.5999234796512263
1647,2.5905172448705427
1648,2.8681008538132113
1649,3.8055130335134604
1650,3.7155246282302925
1651,0.5850440909350778
1652,0.3110018438844522
1653,0.2452264199614221
1654,3.947908285549524
1655,0.23076923076533595
1656,3.9735018553635504
1657,4.763395483300598
1658,1.8579836004991728
1659,5.578884820521271
1660,2.9167539609024185
1661,1.97178612275499
1662,5.179678102565763
1663,2.136975088252024
1664,4.125497531284245
1665,3.743093509452183
1666,3.73632518972088
1667,1.4611622402495548
1668,3.900366936249957
1669,5.514106787192717
1670,1.5975404604637395
1671,5.032405786525061
1672,3.743093509452183
1673,1.4556097778814199
1674,3.909203149100786
1675,4.900792365545282
1676,3.9181091000600157
1677,4.7713279365436225
1678,4.896641999036697
1679,5.0530063581219
1680,5.141304994596422
1681,1.464607484397314
1682,1.4776929467257947
1683,4.912149621213011
1684,0.7303310529138407
1685,1.1180767476937132
1686,2.954479189283081
1687,3.929934928212739
1688,0.18456812005002987
1689,3.9716153681168436
1690,3.922833164387685
1691,3.81734367766446
1692,3.5873342498113323
1693,4.165545096039179
1694,4.270132754419332
1695,2.8948395218947174
1696,2.12732972330439
1697,3.3347617138364085
1698,3.6907996550828086
1699,3.725875433825613
1700,0.4157331341765213
1701,3.8979587909621185
1702,3.6025212008605902
1703,3.767382368063533
1704,3.6570133459891485
1705,3.6907996550828086
1706,0.28521071596385517
1707,3.767000676318376
1708,3.6025212008605902
1709,3.305532864350409
1710,3.3528939751859297
1711,3.342071096600601
1712,3.344565788737081
1713,3.3196476338671763
1714,4.327599621296951
1715,2.7213058366052847
1716,4.14565897437006
1717,0.2669666413249272
1718,0.13306073771190607
1719,0.8620412109865956
1720,3.9440900210508785
1721,0.14463363852175187
1722,3.9680529839150576
1723,0.6775906539461617
1724,4.240351475216641
1725,4.619560678190291
1726,3.7463911330578346
1727,4.237352860768757
1728,5.118823526133326
1729,3.6600761257018672
1730,3.399640816612057
1731,0.6117404764420715
1732,0.054268128868196396
1733,8.592285856691468
1734,8.255006226514386
1735,8.41536240471967
1736,5.9019823262471
1737,4.932207885940901
1738,5.92456016553779
1739,3.9749911556360056
1740,1.8094604253855733
1741,0.8710970172132828
1742,0.5570554219030733
1743,4.354998030003944
1744,5.14406588172058
1745,4.763876724444012
1746,3.200358585715122
1747,2.647985006039084
1748,4.523066358571306
1749,4.062750973486276
1750,1.0133589383984558
1751,0.25759073735739996
1752,0.5482625292594966
1753,6.740551248002815
1754,6.335451894219791
1755,8.623387599059999
1756,7.14517572450165
1757,6.223998685125845
1758,9.699412583643127
1759,11.131656337472087
1760,6.806269544713729
1761,0.8820568389177409
1762,0.0966967725733354
1763,0.7297158245175078
1764,2.816710744206733
1765,0.715963855525063
1766,0.9849961140243455
1767,1.1862293195320217
1768,2.5406645772785597
1769,2.460187902256994
1770,0.27824335357704505
1771,0.24803581355621454
1772,0.7166678150372351
1773,2.932632584789844
1774,1.5319287012268614
1775,1.9847701037661822
1776,4.212720989995648
1777,5.15871506276855
1778,4.017215911443646
1779,1.5511910746246498
1780,1.2524636768096122
1781,0.8486791801030088
1782,0.03779864670157232
1783,6.6877310874628115
1784,5.774078000212942
1785,6.1431531719635615
1786,6.33876083222337
1787,5.516457567353136
1788,6.74761814697063
1789,5.579601874295421
1790,3.7942834288272724
1791,2.2062403513475277
1792,1.4886817634682035
1793,5.679971477469742
1794,5.926309544646015
1795,6.433929375600395
1796,4.134269306121212
1797,3.308838712893297
1798,5.70532884473595
1799,5.871368704817916
1800,1.597281073605878
1801,0.29295044998732644
1802,0.33120073663077937
1803,4.07411983915667
1804,3.8533144105247694
1805,3.2150565747333357
1806,3.9067505059144283
1807,2.8956917932893127
1808,5.299077958281208
1809,5.39224888900595
1810,5.1656761997065335
1811,3.3467123666022696
1812,9.229339938861727
1813,5.562260822769846
1814,4.485134001267605
1815,4.440679791735986
1816,3.3392982824088078
1817,4.008959491626167
1818,2.371338301637321
1819,1.9177469608900306
1820,1.7409875347611186
1821,1.713006281099978
1822,1.0376677391612095
1823,2.0628248037549275
1824,1.6168065454166258
1825,2.793528238304588
1826,1.9524362257607584
1827,2.6479054278852914
1828,2.5261482063036604
1829,3.1409032456974155
1830,1.942347978825282
1831,1.4179121811368662
1832,0.995669933571021
1833,2.630275815007827
1834,3.610579104907211
1835,2.4320330579792016
1836,1.7789205974458866
1837,1.2184384391589929
1838,1.8187605281745267
1839,0.856401854466709
1840,1.9969604123201858
1841,0.6334669088702924
1842,1.029163977244467
1843,0.1334405005174523
1844,0.04554981774746526
1845,0.07961604481008391
1846,1.4339595539932042
1847,1.9110631221156247
1848,0.15188495555690007
1849,0.6571405224844687
1850,0.8038051077665828
1851,1.2176721124347518
1852,0.909208762726994
1853,2.0810430732150205
1854,2.0206354039219603
1855,2.8453988249480235
1856,2.393675575545512
1857,1.9848569458772596
1858,2.509785952054778
1859,1.2539650424125142
1860,0.9751261004255212
1861,0.8065785361215586
1862,1.3567407956794013
1863,5.351226261980729
1864,3.5910437491845637
1865,2.059324776779585
1866,2.9606131957648776
1867,2.903570929699952
1868,4.628482795463952
1869,3.343288370155913
1870,4.135295943067902
1871,2.216768961500179
1872,6.269862707773673
1873,2.575012238727799
1874,1.1086916292033129
1875,1.4313257259718404
1876,1.9659585594741764
1877,3.437664578013712
1878,1.001696111015731
1879,1.4056156787561926
1880,1.4055520530802954
1881,1.7263236165231874
1882,1.3270453066937362
1883,2.305740809918994
1884,2.287070867896611
1885,2.944468061997333
1886,2.3753155621761124
1887,2.4985208864106845
1888,2.8617397700462215
1889,2.0772529417295273
1890,1.1535354245136753
1891,1.0616782820773065
1892,1.1013975761011758
1893,2.8382127273435467
1894,3.766367713263322
1895,3.298440986539515
1896,3.277788178160267
1897,2.527312656768405
1898,4.884218099583409
1899,4.407051726051536
1900,4.701916537215141
1901,2.72283644506661
1902,7.278849215168458
1903,4.583124541532676
1904,3.3700677647805763
1905,3.329805217827712
1906,2.987516042820836
1907,3.4009193892696166
1908,1.9594726376369054
1909,1.6406272411552478
1910,1.5230358759397389
1911,1.5485464116760312
1912,0.9684749162360857
1913,1.8450564528724986
1914,1.656956719576784
1915,2.8168145760231815
1916,2.015530091065977
1917,2.597255658901629
1918,2.4962720720133773
1919,3.0128023184167465
1920,1.7851137324479918
1921,1.399446758054175
1922,1.0141887646021615
1923,6.514251640574085
1924,3.650237412312383
1925,1.8335791183038095
1926,3.6778652707904587
1927,3.5591227317386047
1928,5.723283985366777
1929,4.73407209857318
1930,5.071595632612632
1931,3.3089099638989197
1932,9.915475527357763
1933,4.6336766945577885
1934,2.418917254312249
1935,2.7528505095607994
1936,2.4405620285469936
1937,4.254216538940602
1938,1.6956164925637414
1939,1.8213793942872225
1940,1.7331390869548613
1941,1.9383294360020702
1942,1.4230531155274422
1943,2.3979715628280363
1944,2.188673465530062
1945,2.8600035040700287
1946,2.281669929025641
1947,2.7058518882821465
1948,2.87633074850691
1949,2.5522255679535837
1950,1.3899208485168064
1951,1.1492025722396761
1952,0.9542529503756146
1953,3.1717906842088053
1954,4.140274417285606
1955,3.7821842454235033
1956,3.9398753686582175
1957,2.7136458211309233
1958,5.245551936587338
1959,5.398371790615078
1960,5.154860220851628
1961,3.296803343531338
1962,8.963582388269012
1963,5.669877583115278
1964,4.847395400922006
1965,4.673470964216424
1966,3.484182333350703
1967,3.9292547668146103
1968,2.5058955042088633
1969,1.964649766007061
1970,1.7166345121445024
1971,1.7135584910767026
1972,0.9902901061839057
1973,1.9886772289760932
1974,1.5158135984143486
1975,2.8466160225467996
1976,1.8923251633084328
1977,2.573623720182806
1978,2.4912800913337936
1979,3.3241425447431965
1980,2.0349886098939063
1981,1.4790445307665006
1982,1.009775284670618
1983,0.8943655244539953
1984,2.3437948022589925
1985,1.9518975745656797
1986,0.26248704515714383
1987,0.3035580079699316
1988,1.3541475827566392
1989,0.4227751627673912
1990,1.4927850114768773
1991,0.1263581900729187
1992,0.4137314798776477
1993,0.10950673094661327
1994,0.07529392984347594
1995,0.10573933576013839
1996,0.7186150234990527
1997,0.772432926289022
1998,0.2013021841600546
1999,0.20879266505284358
2000,0.24849059748476404
2001,0.5856512695145543
2002,0.48315765491420587
2003,0.8702469670241997
2004,1.0893505050528034
2005,2.2959749428276726
2006,1.9990401964314666
2007,2.2942702622469153
2008,2.582828305282069
2009,1.9293581505899797
2010,1.4446303239820188
2011,1.4206001530776025
2012,1.6044669407815204
2013,4.053457371207037
2014,2.775902765069881
2015,5.0526511724468355
2016,0.2992690515663764
2017,1.426579890353099
2018,15.212817918494325
2019,3.880476411948301
2020,2.469444338591434
2021,3.1715935751616695
2022,4.929976939707259
2023,3.1062224682397455
2024,6.8456068414063935
2025,6.812245820590106
2026,5.287662004999442
2027,4.422365268847689
2028,1.4296822110429617
2029,5.916898309936708
2030,7.072348768207768
2031,8.455906836786712
2032,5.301625596651572
2033,5.66799872698312
2034,1.28600777122857
2035,9.290706936034276
2036,1.650239755053055
2037,4.789851032240173
2038,3.1449449643591136
2039,2.2816732131870117
2040,5.862890613475991
2041,6.040542827072744
2042,0.27617014130154777
2043,10.201752531532208
2044,2.76801748737519
2045,0.9427820533942028
2046,0.7118105872358474
2047,1.2500670673802639
2048,1.6819841220589764
2049,0.1252292373232975
2050,1.389222836374852
2051,0.6824470946999291
2052,3.1102677031655768
2053,1.2220932865121032
2054,0.2857137076312407
2055,2.0948803351737033
2056,5.612297140908496
2057,2.1511851278591267
2058,5.324228407697316
2059,1.9965199640434412
2060,1.7962829451978028
2061,3.8459252488839093
2062,1.9524127222371583
2063,5.658250026372767
2064,2.050565908373072
2065,1.7343193334085583
2066,1.5584093191273185
2067,1.303747537076887
2068,1.2118555022852249
2069,1.4861203452702405
2070,0.34635888708730034
2071,2.6579063915971095
2072,2.802829317420298
2073,1.9151098851337733
2074,0.3013947783572683
2075,2.109742653183296
2076,2.353057959246709
2077,2.901206297259306
2078,1.1740672137726769
2079,2.817527141988833
2080,0.21714877343904268
2081,1.4111633212048325
2082,0.5977112763126593
2083,2.161157623909379
2084,1.6162575191696986
2085,2.579915093329045
2086,0.15931355753869703
2087,1.519826530047112
2088,6.748582607026491
2089,0.9226231209795942
2090,5.066254135731168
2091,2.182158480654849
2092,1.796356807658519
2093,5.398858865611051
2094,0.3747276053094602
2095,5.999693925724293
2096,0.2944671142804788
2097,2.8008478412597957
2098,1.5115473730808948
2099,0.31445853750029135
2100,1.7345234920395536
2101,0.06882612706588559
2102,1.1259136830399705
2103,2.1331683076547723
2104,4.858933400669288
2105,3.36725511146116
2106,0.7777214038041225
2107,6.6961272050482314
2108,2.2436752404997558
2109,3.448556388190737
2110,2.3400034116130284
2111,4.742219806973967
2112,0.09904477361301922
2113,0.8174678245249393
2114,11.070302355511554
2115,3.3169001052841396
2116,2.3403511865648015
2117,2.4580922153946694
2118,4.3315758109342966
2119,1.9546636684793983
2120,7.4189292963230145
2121,6.262726209293845
2122,5.562664563902444
2123,4.4776423931144205
2124,1.2709026830232204
2125,6.182440667227522
2126,5.608585617308525
2127,8.613047771743089
2128,4.225791445448809
2129,5.592572120756907
2130,1.0479242974823255
2131,8.883460473157747
2132,1.4472611239097186
2133,4.377964580398348
2134,3.163256772714283
2135,2.5486034410774523
2136,6.038157335647135
2137,5.6018273979867494
2138,0.11292430660592759
2139,10.351665532618615
2140,3.0118575145871587
2141,3.936197728386898
2142,1.7617793933493018
2143,3.1613108313612326
2144,0.8048037031308527
2145,2.3663204644638687
2146,2.725273744938521
2147,5.5405249013735824
2148,0.7179045607447927
2149,3.1638306643095975
2150,0.5446990578661055
2151,3.4896433090131826
2152,6.332747818862793
2153,0.99555047982234
2154,4.8623510214238355
2155,2.3014546739417363
2156,1.5754977387085638
2157,5.81835582845477
2158,3.1341660540296585
2159,6.223552392230354
2160,0.11567687959459226
2161,3.34331188978035
2162,1.6536941660249902
2163,1.563334026349704
2164,2.2010167330137898
2165,1.4652905910161502
2166,2.4224684085613775
2167,1.7886172710210935
2168,4.675963324891765
2169,4.342390904376304
2170,1.0812142552452688
2171,7.389802633401768
2172,2.112934562335177
2173,4.092567345577111
2174,3.0131781781681215
2175,6.04393603725856
2176,0.1765898802032084
2177,1.0658054063968287
2178,14.14714252106941
2179,2.941846924600535
2180,2.640122156970797
2181,2.7517965477318853
2182,5.024332695865262
2183,2.746556715344163
2184,6.7990521147918015
2185,6.929482334614881
2186,5.202606805957606
2187,5.0818045565216945
2188,1.475108170900815
2189,5.706817889423883
2190,6.77237650844022
2191,8.472766150896454
2192,6.107792923123781
2193,6.111094641110888
2194,1.13512115803688
2195,8.078264105465314
2196,1.3963597274095818
2197,4.697921516319634
2198,2.9694812027513
2199,2.447874224682402
2200,5.9411667289295895
2201,6.260677237611557
2202,0.17800762641490467
2203,10.913829524759098
2204,2.987919575314141
2205,0.2881748727220528
2206,0.8623687167986289
2207,0.051089408533854665
2208,2.0654396046198493
2209,0.6802594944085552
2210,0.13352511974667627
2211,1.726010931495034
2212,0.841620082638979
2213,0.30945744315620816
2214,1.7521136982535679
2215,1.2808105346769771
2216,7.177079062749994
2217,1.8835075871074687
2218,5.017624513687016
2219,4.653846003549174
2220,1.5832672112426893
2221,5.900593637519258
2222,1.3119123940150559
2223,6.495627720864841
2224,0.41874921375240914
2225,4.0530485375394285
2226,0.9674241572187318
2227,0.783435505366437
2228,0.9880609924313309
2229,1.2560167407758787
2230,0.9347745751581436
2231,3.396282421511777
2232,5.149661920383173
2233,3.426039704614069
2234,0.770937794283795
2235,7.159868022596375
2236,3.3679056007615795
2237,0.6768584606870904
2238,0.6680952297515635
2239,2.806656408709423
2240,1.4727260968973144
2241,0.3334284775817512
2242,2.085061851119838
2243,0.5349705250533451
2244,1.1032324730766894
2245,4.431945464136337
2246,2.8567297111724974
2247,2.698598510087145
2248,1.4633493552730181
2249,0.6471456158344716
2250,1.1002097236338526
2251,0.7252616511341197
2252,0.41868653196025973
2253,3.8745055469341008
2254,1.4756104763225728
2255,1.024684518162575
2256,1.27238846729444
2257,0.267367977566824
2258,0.7918786205279817
2259,1.0723902533327647
2260,0.8741632304776105
2261,2.185452166729133
2262,1.205798301449816
2263,0.3485494788800897
2264,2.7757737053894975
2265,0.5159176106204997
2266,1.0576717690891118
2267,1.2363849058426049
2268,0.2791094233057401
2269,2.427820833705459
2270,0.7213484038611775
2271,0.6365401864005494
2272,2.582853167348841
2273,1.3717854376024887
2274,0.3259444398942523
2275,2.8688772976385093
2276,2.4423095062758247
2277,0.9309184884244937
2278,3.7998107407910147
2279,3.3388935060766425
2280,2.545084114408997
2281,0.9244473712669499
2282,0.9599035113366124
2283,2.7497068891742815
2284,1.4517792283636097
2285,0.3823404017267131
2286,1.4712240307705309
2287,2.273890078082942
2288,1.103682620151804
2289,1.1034167294609756
2290,0.4131630556415702
2291,3.5530481109347924
2292,0.6469279455429141
2293,0.6273999312893993
2294,2.7539685847750763
2295,1.4697796171303386
2296,0.3400402635810035
2297,5.25031437737926
2298,1.0173809086912573
2299,1.1371467111248696
2300,4.6709498201563715
2301,3.833633059924802
2302,2.4978330825612693
2303,1.0885212015863848
2304,0.3849618748885592
2305,1.3979092506788098
2306,0.6612559757844206
2307,0.391608753989072
2308,3.220087154858649
2309,3.8362612663410895
2310,0.9459423654909068
2311,0.28425015171483853
2312,1.2699661912098592
2313,1.3209671929302702
2314,0.9528593991791932
2315,1.578967517754407
2316,1.4442583066128676
2317,1.0127981830524706
2318,1.346383787336981
2319,0.8912144677318551
2320,1.2706798477565715
2321,1.4098114701037598
2322,1.5519853327633235
2323,1.6863368758318715
2324,1.4409277052357075
2325,1.713842961379146
2326,1.3759266447711425
2327,1.4548074128497777
2328,1.7179809825719357
2329,1.4914837360192785
2330,1.3849375236444847
2331,0.7235696791068399
2332,1.157959321281668
2333,1.299360001760516
2334,1.3832082164427533
2335,1.37925968379968
2336,0.6583332946606778
2337,1.0992626749235768
2338,0.7081482549459877
2339,1.8597953004623562
2340,1.089182536333747
2341,2.2488397365143293
2342,1.66678509974954
2343,0.4351214129133401
2344,1.655055780155011
2345,1.4095910949206203
2346,1.7202127683477257
2347,1.6423518034050426
2348,1.8284150834571526
2349,1.616005243773492
2350,1.428286749876005
2351,0.38768305597328573
2352,2.931106831847976
2353,3.6389205721824753
2354,2.611980541525545
2355,
2356,2.516918005078511
2357,6.031371660853638
2358,3.745082822185245
2359,1.9460772816349226
2360,2.0986792062161777
2361,5.081425499169739
2362,5.850397765245467
2363,4.647017341312827
2364,4.122172556326977
2365,2.1685517615697267
2366,3.5918451020659896
2367,0.3554422342011152
2368,0.2902947947858949
2369,2.099207424205543
2370,1.0331100198441985
2371,0.20306053372780064
2372,0.9183326134732728
2373,0.39367254635253507
2374,
2375,1.102301555883269
2376,0.024019862871555497
2377,0.0214063833960726
2378,0.1608852144694309
2379,0.20272406759100872
2380,0.6317626930309066
2381,0.802491530867859
2382,0.552317315507759
2383,0.4562028734308475
2384,0.014202527211000822
2385,2.197079323132961
2386,1.3919590687760783
2387,1.2383103108860702
2388,2.2763322527228
2389,3.7439082722144166
2390,1.3354662858046582
2391,1.3148636548999997
2392,1.1060810716615332
2393,1.4890825595492376
2394,0.9499387674681962
2395,0.4267258658355102
2396,1.7774207416725831
2397,1.9146879185517935
2398,1.3656632526716344
2399,1.3716382656453066
2400,2.4891731767452887
2401,4.396548063445753
2402,4.63921488224132
2403,2.8946311336869
2404,2.2540792554824094
2405,2.922257118382368
2406,1.264916033918525
2407,0.7910142127698047
2408,1.3498971771438726
2409,2.2417105295780813
2410,0.3522703890055984
2411,0.1021111527210825
2412,0.0815117396251627
2413,0.5130867374697571
2414,0.12766299870601502
2415,2.398270621976503
2416,0.7603845532396135
2417,4.682195637106637
2418,2.0074990045615397
2419,1.4150064524171744
2420,1.7059502140632414
2421,4.28898240405679
2422,5.127580841606744
2423,4.089400757957454
2424,2.868726211330419
2425,2.782805880450835
2426,4.201707858103168
2427,0.44987024721487257
2428,0.6895608067249492
2429,3.215733289373178
2430,1.8249018806527202
2431,0.3956923079772862
2432,0.36523505737011125
2433,0.3792788502462635
2434,2.3925922316060717
2435,4.783892098008379
2436,5.009526524076278
2437,4.351867924103304
2438,3.1142902363563745
2439,2.281756576330691
2440,3.2137349210601083
2441,5.6699724467777886
2442,6.4369712570055
2443,4.359220304866412
2444,4.353651009955649
2445,1.9414299847248258
2446,0.7210243956374867
2447,0.3725939562886532
2448,0.6178200729493407
2449,1.0969188154724288
2450,0.03187385567813061
2451,0.6037247626870501
2452,0.9652218091293524
2453,0.7696360294669397
2454,4.077185911054782
2455,2.433025946664334
2456,1.5198582150801447
2457,6.067247567893779
2458,3.9074785183894427
2459,1.8950723446240574
2460,1.894362353661612
2461,4.860229962611915
2462,5.654339676864603
2463,4.658036980410644
2464,4.082930322687687
2465,2.170674071410776
2466,4.3495742216507525
2467,0.32705432492953235
2468,0.19464508983007936
2469,2.180576385736994
2470,1.2255253350225317
2471,0.28307380822517525
2472,0.8858388870033541
2473,0.35399441824576844
2474,3.6744295459927336
2475,2.8061706700685662
2476,1.376027495411997
2477,0.10917296316625408
2478,0.822634090355441
2479,0.883804766605956
2480,0.07007186756117911
2481,0.24675448959182725
2482,0.52953883062105
2483,0.6391135184509721
2484,0.4222238759401063
2485,3.3543804329630937
2486,4.000863130843838
2487,2.565775816261873
2488,2.3931072993138423
2489,5.058057227101356
2490,4.193305856395264
2491,2.6705946840675967
2492,1.9574991700746478
2493,2.226157098184093
2494,2.8115786265331066
2495,5.467374965108857
2496,0.5963362334422848
2497,1.2467634557702245
2498,2.0738684818507163
2499,5.4206095396193446
2500,4.766629369963892
2501,2.8974302357774198
2502,3.4513472473732305
2503,5.590695842706067
2504,6.542492963186802
2505,4.488981343831984
2506,5.132977894303383
2507,4.405441909488057
2508,1.2106352811901968
2509,1.5345989751113323
2510,2.6919837983573083
2511,1.9140807189755724
2512,2.6948986974910434
2513,2.6506849032215456
2514,1.5553192839608985
2515,4.278864166991417
2516,0.07809651466147446
2517,0.13489253338141244
2518,0.8213018227464529
2519,0.834567421038259
2520,0.16466835875272617
2521,0.1892826622853795
2522,0.11437846316085652
2523,0.17954541873487082
2524,0.039877444578920875
2525,1.7956621840940905
2526,0.6082195872041285
2527,2.345350508607551
2528,4.078310273699955
2529,4.207042195971156
2530,3.9185832854178733
2531,1.3394920576846885
2532,1.478319209039543
2533,1.7956621840940905
2534,1.4880289009347067
2535,2.2622673136692377
2536,1.7856022568143477
2537,1.8244207445133922
2538,2.8958906356881347
2539,4.200633620562844
2540,3.0945000093236623
2541,1.555305636120704
2542,2.6402014495026846
2543,0.859820460489165
2544,1.730325946113525
2545,0.6806705156231502
2546,2.205349248452675
2547,2.2875814158586936
2548,0.7662683630495253
2549,0.193670090127857
2550,0.5711789481920023
2551,0.859820460489165
2552,0.1903728030921073
2553,4.648453677895628
2554,2.5415301317786514
2555,2.082285727351494
2556,2.378479191895646
2557,4.254964967049429
2558,4.790181335326721
2559,3.3311435365458855
2560,3.4064496568326894
2561,4.459132746183075
2562,1.1638464921087615
2563,2.929757415097238
2564,3.7427938866872905
2565,2.8523957763622816
2566,3.3592743221114283
2567,2.9665824329079937
2568,2.131048316531428
2569,4.42807005620983
2570,6.55256976868253
2571,6.089737878396142
2572,4.538539094006184
2573,4.036210399553797
2574,5.309885086828046
2575,7.49451457366429
2576,6.489536968796055
2577,3.5527562279620932
2578,5.854095284836114
2579,1.202734657343489
2580,0.8304992884292073
2581,0.5525190626625267
2582,1.729360005499481
2583,0.5752393018017666
2584,0.7111439675931414
2585,0.18573357310521774
2586,0.7452444303244453
2587,1.202734657343489
2588,0.5547687857236321
2589,4.174747527979488
2590,4.834200310542463
2591,2.684241352145531
2592,3.050162904235233
2593,5.11195257063157
2594,6.343177073295576
2595,4.5792005418922805
2596,5.001591652249416
2597,5.183855646227803
2598,0.9303285731569133
2599,0.8719025369472864
2600,2.593278931092031
2601,1.8963236763126956
2602,2.620733094981664
2603,2.399811294359026
2604,1.485668016194325
2605,5.116620935329989
2606,2.9631091060757155
2607,0.4689159415683729
2608,1.7018709207686589
2609,2.6156039632008254
2610,0.9104276098882595
2611,0.46131278208905163
2612,0.13599828380937162
2613,0.31400744723310053
2614,0.7065960039141149
2615,3.975068758036605
2616,0.8583379459827057
2617,2.5313088072332572
2618,4.156681721404061
2619,3.3398452702929484
2620,5.244979424648009
2621,2.3850474983585626
2622,1.9975342117550317
2623,3.5084519541179136
2624,1.2766017964160388
2625,1.2641851362620364
2626,1.2416581294142937
2627,1.2130091270989216
2628,1.1940553889906393
2629,1.1940522617089162
2630,1.2020826810845804
2631,1.1965032381916245
2632,1.187472045319314
2633,1.1961365755956903
2634,1.2015488905495026
2635,1.1891462991625226
2636,1.1855683474402723
2637,1.1948841395409797
2638,1.190482016127009
2639,1.1995797861434427
2640,1.193507380252207
2641,1.217549504567504
2642,1.2470451410208756
2643,1.3076008808390338
2644,2.3829933217295802
2645,1.9962092802902909
2646,1.7246889858527619
2647,1.5807220974174598
2648,1.4624456261599001
2649,1.3968646347882563
2650,1.3500940275026094
2651,1.289883821549715
2652,1.2515445054334615
2653,1.2399945363442506
2654,1.2096502772151876
2655,1.213721139005369
2656,1.1943928587423742
2657,1.1704853727563886
2658,1.1560672790018656
2659,1.1584469722791377
2660,1.1556220676772027
2661,1.1573165179289768
2662,1.1819647536898636
2663,1.2197535324052238
2664,4.179763877959162
2665,2.9600620395502144
2666,4.168598717596796
2667,2.2712906597798685
2668,2.245766811804548
2669,3.215311887226117
2670,1.8899271372156414
2671,1.4794388001935175
2672,0.48050622576035057
2673,0.5456073980664141
2674,0.44246247019375834
2675,2.1357801654464184
2676,1.6034206233833599
2677,0.6662714292772098
2678,1.128205128205128
2679,2.3369963369963367
2680,
2681,2.026747486409775
2682,0.29396894185626576
2683,0.7252747252747253
2684,1.128205128205128
2685,
2686,0.10538179768948992
2687,2.923076923076922
2688,1.128205128205128
2689,0.5014245014245015
2690,
2691,0.7252747252747253
2692,2.878868258178603
2693,0.5014245014245015
2694,
2695,0.4773175542406311
2696,1.128205128205128
2697,2.547275641025641
2698,3.2978303747534508
2699,0.5014245014245015
2700,2.1236802413272997
2701,0.9906191369606002
2702,0.6708246708246708
2703,0.7792078220093798
2704,0.5014245014245015
2705,
2706,1.128205128205128
2707,1.128205128205128
2708,0.12795936757598084
2709,5.5207509332194995
2710,1.054945054945055
2711,1.000200634003451
2712,3.2653580625444647
2713,9.189317056429864
2714,3.6324409804586018
2715,2.245766811804548
2716,1.7671925318984152
2717,6.093330676232229
2718,1.128205128205128
2719,0.6510186691455574
2720,1.128205128205128
2721,0.15830546265328854
2722,
2723,0.5481112273128477
2724,0.6662714292772098
2725,1.6923076923076923
2726,3.867357001972388
2727,1.128205128205128
2728,0.5456073980664141
2729,1.7210517720071823
2730,1.1796430519834755
2731,0.5014245014245015
2732,0.2893457117595048
2733,0.45858697657258807
2734,2.923076923076922
2735,1.6843733311139313
2736,1.128205128205128
2737,3.4457680962105752
2738,8.01117121871841
2739,0.19255424063116347
2740,5.5207509332194995
2741,1.4588165328575675
2742,1.1169004676018706
2743,5.881878421204262
2744,0.5014245014245015
2745,2.9761273209549075
2746,3.6781011781011776
2747,1.953721075672294
2748,0.6708246708246708
2749,1.2525600065536167
2750,0.7252747252747253
2751,2.878868258178603
2752,
2753,0.5014245014245015
2754,0.8891786179921777
2755,0.12795936757598084
2756,0.5014245014245015
2757,
2758,0.4773175542406311
2759,1.128205128205128
2760,0.5014245014245015
2761,
2762,2.893629070922004
2763,17.30726192927323
2764,0.7005368579828016
2765,1.1025509470271937
2766,2.9604798972900395
2767,1.128205128205128
2768,1.0424189234121548
2769,4.472656171588473
2770,0.5921962433737572
2771,0.4639295471681884
2772,0.2986559253074259
2773,1.0268518412207157
2774,4.865804736054528
2775,0.5014245014245013
2776,1.1282051282051282
2777,1.1282051282051284
2778,0.3005811817842602
2779,5.663529357268137
2780,1.844159686361964
2781,1.0428102354254005
2782,0.5014245014245015
2783,
2784,1.1282051282051284
2785,2.1655414260278567
2786,14.397249973144266
2787,0.8274440825946378
2788,0.5447393837430262
2789,0.47984991700543467
2790,1.128205128205128
2791,2.560890669265057
2792,0.36153386754871375
2793,0.4773175542406311
2794,1.345167652859961
2795,0.29396894185626576
2796,1.0073260073260073
2797,3.8724878724878735
2798,0.5014245014245015
2799,1.128205128205128
2800,1.128205128205128
2801,0.29396894185626576
2802,5.601819342483241
2803,1.953721075672294
2804,0.9253423952219137
2805,0.5014245014245015
2806,
2807,1.128205128205128
2808,5.678660202066025
2809,2.1346951803383334
2810,7.2935568704799465
2811,1.2204348249975625
2812,1.4551109268090403
2813,1.3393496633720097
2814,2.293706293706294
2815,2.249494813417755
2816,5.601819342483241
2817,0.19255424063116347
2818,2.61245780914391
2819,5.922660918236141
2820,2.854575738381777
2821,5.458706109787347
2822,2.094224582086531
2823,2.81656344433474
2824,2.8163298565840935
2825,0.29396894185626576
2826,0.5014245014245015
2827,0.5014245014245015
2828,
2829,0.5014245014245015
2830,0.5014245014245015
2831,0.5014245014245015
2832,2.3369963369963367
2833,0.5014245014245015
2834,0.5014245014245015
2835,0.5014245014245015
2836,6.769230769230769
2837,2.3369963369963367
2838,0.5014245014245015
2839,6.769230769230769
2840,3.883083742215261
2841,4.0909368648964595
2842,3.603657893409279
2843,2.064803990335906
2844,6.472334682861
2845,4.045320232723683
2846,3.4439381756454917
2847,2.286441962319483
2848,1.2643397411406907
2849,
2850,0.7815542536466373
2851,1.312826906648337
2852,4.341923083465156
2853,2.0134289075303213
2854,2.345975287479465
2855,0.4212229488303116
2856,1.517410007976045
2857,1.261643118785976
2858,0.4773175542406311
2859,0.29396894185626576
2860,
2861,0.3647580489685753
2862,0.9906191369606002
2863,0.5014245014245015
2864,0.29396894185626576
2865,1.128205128205128
2866,0.5014245014245015
2867,2.3369963369963367
2868,2.3369963369963367
2869,0.5014245014245015
2870,0.9906191369606002
2871,0.5014245014245015
2872,6.769230769230769
2873,2.3369963369963367
2874,0.5014245014245015
2875,6.769230769230769
2876,0.9764348974485555
2877,0.29046235408064414
2878,0.26856977608856913
2879,1.7607165652485186
2880,0.4944651929612109
2881,0.5141955511835455
2882,0.38263723099102026
2883,0.9524447122358353
2884,0.16908867790479867
2885,
2886,0.2710181827533884
2887,0.7314975886404458
2888,0.6036353583523395
2889,0.44085326438267625
2890,0.30934656741108346
2891,0.2490842490842491
2892,0.6645591851071304
2893,0.29396894185626576
2894,2.3369963369963367
2895,
2896,6.769230769230769
2897,6.769230769230769
2898,6.769230769230772
2899,6.769230769230769
2900,2.3369963369963367
2901,6.769230769230769
2902,2.3369963369963367
2903,
2904,7.2479894029709415
2905,9.35197185061316
2906,5.888916713026344
2907,6.280824504019256
2908,6.911191424638859
2909,6.424924075371743
2910,4.572664609610425
2911,3.204768363458541
2912,2.382682777796462
2913,2.5258044519582987
2914,0.45149461131443497
2915,0.10614173816529268
2916,0.5014245014245015
2917,1.128205128205128
2918,1.004545936191538
2919,
2920,1.1282051282051282
2921,
2922,1.128205128205128
2923,
2924,1.5931248238940559
2925,0.47731755424062916
2926,0.5014245014245015
2927,1.128205128205128
2928,
2929,
2930,
2931,
2932,
2933,1.5931248238940559
2934,1.3807883658629871
2935,0.5014245014245015
2936,1.128205128205128
2937,
2938,1.128205128205128
2939,0.5993589743589741
2940,0.6090923391536884
2941,
2942,1.5931248238940559
2943,0.47731755424062916
2944,0.5014245014245015
2945,1.128205128205128
2946,
2947,1.4794388001935175
2948,0.29396894185626576
2949,0.5014245014245015
2950,1.4140679140679142
2951,
2952,1.5931248238940559
2953,0.47731755424062916
2954,0.5014245014245015
2955,1.128205128205128
2956,
2957,
2958,0.5226404800872883
2959,0.5014245014245015
2960,2.8459610564873707
2961,
2962,
2963,2.345376172065947
2964,1.3807883658629871
2965,0.5014245014245015
2966,1.128205128205128
2967,
2968,0.6645591851071304
2969,1.1282051282051282
2970,
2971,1.1680553878356064
2972,
2973,
2974,1.5931248238940559
2975,0.47731755424062916
2976,
2977,1.128205128205128
2978,0.4773175542406311
2979,4.225732600732599
2980,0.29396894185627415
2981,1.8280316175053009
2982,0.47731755424062916
2983,
2984,1.128205128205128
2985,0.8741635577663295
2986,0.7838401908169342
2987,0.29396894185627415
2988,1.8280316175053009
2989,0.1690886779048033
2990,
2991,1.128205128205128
2992,0.5014245014245015
2993,0.5014245014245015
2994,0.7580128205128202
2995,0.29396894185627415
2996,0.8216276477146042
2997,0.1690886779048033
2998,
2999,1.128205128205128
3000,
3001,0.5014245014245015
3002,1.128205128205128
3003,0.5723376380310677
3004,1.5593663236975361
3005,1.345167652859961
3006,0.4275681855299674
3007,
3008,1.128205128205128
3009,
3010,0.29396894185626576
3011,2.1643118785975917
3012,1.128205128205128
3013,3.1846895460105005
3014,2.264864267327827
3015,0.8073166117708621
3016,0.5014245014245015
3017,1.128205128205128
3018,
3019,
3020,
3021,
3022,4.306675037662555
3023,1.1944009825198951
3024,2.099673274754352
3025,0.5014245014245015
3026,1.128205128205128
3027,
3028,1.128205128205128
3029,0.8891786179921777
3030,0.9961881901828911
3031,4.527543876703482
3032,1.2523123071828748
3033,2.074641259669806
3034,0.5014245014245015
3035,1.128205128205128
3036,
3037,1.4794388001935175
3038,0.423076923076923
3039,0.5014245014245015
3040,1.3854797082734793
3041,5.620828319395406
3042,2.065522742305746
3043,0.9260312484577474
3044,0.5014245014245015
3045,1.128205128205128
3046,
3047,
3048,0.28819767802818647
3049,0.5014245014245015
3050,5.101797194430935
3051,
3052,5.894109432703158
3053,4.09842402616711
3054,0.5741558304498359
3055,0.5014245014245015
3056,1.128205128205128
3057,
3058,0.6708246708246708
3059,0.593792172739541
3060,
3061,2.120958996595268
3062,
3063,4.583307157366115
3064,1.1911988456766223
3065,0.4123615165700744
3066,
3067,1.128205128205128
3068,0.3647580489685753
3069,2.5542229523639297
3070,3.202414059267314
3071,1.796309230971686
3072,0.5917366812143109
3073,
3074,1.1282051282051282
3075,0.35694204518511025
3076,0.5491295827080931
3077,2.656786035588434
3078,1.6357459311801303
3079,0.6805243902646452
3080,
3081,1.1282051282051282
3082,0.5014245014245015
3083,0.5014245014245015
3084,1.3373892268800176
3085,2.4253805033469757
3086,0.7087159415926539
3087,0.5612830291554441
3088,
3089,1.128205128205128
3090,
3091,0.5014245014245015
3092,1.128205128205128
3093,1.1398095238095243
3094,2.3774453345935056
3095,2.1849800965152224
3096,0.4461614981492061
3097,
3098,1.128205128205128
3099,
3100,0.29396894185626576
3101,1.2851128970531958
3102,1.128205128205128
3103,0.41688404319628714
3104,0.12035824722660132
3105,0.5014245014245013
3106,1.1282051282051282
3107,1.1764883768517014
3108,
3109,1.1282051282051282
3110,
3111,1.1282051282051282
3112,1.1474948159494844
3113,2.3472188806734846
3114,5.392060785149776
3115,3.0924022275557013
3116,3.5459035700103185
3117,4.154852894902105
3118,6.947814581368517
3119,4.929980898872639
3120,10.379557603735336
3121,9.466639827156865
3122,1.465272813200973
3123,3.7664910027716134
3124,5.6976289892779715
3125,2.8473841234748085
3126,2.826355490715352
3127,2.229798115146924
3128,1.9817414260516155
3129,6.9429485055838365
3130,6.956775759787497
3131,6.951599393001525
3132,0.4431352746451214
3133,0.4431352746451314
3134,0.22334577264153252
3135,0.13914857433083097
3136,0.6259853673069085
3137,4.964626688260146
3138,3.0624138609962612
3139,0.377606959607518
3140,1.1890795056262706
3141,3.6915524821787833
3142,0.11028981274031427
3143,0.05337528220531188
3144,0.9050813959536042
3145,1.1923076923076925
3146,0.5723376380310677
3147,0.80688088283025
3148,6.077406869859699
3149,1.4794388001935175
3150,2.2716562716562714
3151,1.9340659340659343
3152,4.017510944340213
3153,0.7756410256410255
3154,1.2320276860154165
3155,1.6923076923076918
3156,1.6414700262187265
3157,2.117599677809101
3158,1.7246447819696225
3159,2.3303909205548545
3160,0.5014245014245015
3161,1.4102564102564101
3162,0.5014245014245015
3163,1.0744810744810744
3164,0.38099073701167946
3165,2.3369963369963367
3166,0.5014245014245015
3167,0.8595848595848595
3168,6.769230769230769
3169,6.769230769230769
3170,
3171,
3172,2.0002275830678196
3173,0.7678752965096577
3174,0.48755767339838135
3175,1.0388019060585432
3176,0.7418335089567966
3177,1.7094594594594597
3178,0.724462365591398
3179,5.172980608706818
3180,0.7926457251216096
3181,1.0769230769230769
3182,5.9191043698085934
3183,6.769230769230769
3184,0.7252747252747253
3185,
3186,
3187,
3188,
3189,0.29396894185626576
3190,0.5014245014245015
3191,0.5014245014245015
3192,0.5014245014245015
3193,0.5014245014245015
3194,0.5014245014245015
3195,
3196,
3197,6.769230769230769
3198,
3199,6.769230769230769
3200,6.769230769230769
3201,6.769230769230769
3202,
3203,1.4258078296158423
3204,1.8746988697222444
3205,1.686162079510703
3206,1.3263655770619558
3207,2.2345579882114324
3208,0.7591660675772826
3209,3.189693012165714
3210,9.752465483234714
3211,6.152453549309194
3212,1.7707157707157706
3213,0.7252747252747253
3214,
3215,
3216,
3217,
3218,
3219,
3220,0.825522735970497
3221,
3222,0.7864477376483571
3223,0.35623417416411685
3224,0.5812207665161754
3225,0.2947443543865014
3226,0.8505955986270948
3227,0.5459411159039679
3228,4.15129621759456
3229,0.6731365413128457
3230,0.9068144571865898
3231,3.2390405293631095
3232,2.885601577909269
3233,0.5916197623514694
3234,1.128205128205128
3235,
3236,
3237,
3238,
3239,1.128205128205128
3240,0.29396894185626576
3241,0.3647580489685753
3242,0.5014245014245015
3243,0.5014245014245015
3244,0.5014245014245015
3245,0.29308122045552215
3246,0.5014245014245015
3247,0.7252747252747253
3248,
3249,0.7252747252747253
3250,
3251,
3252,
3253,6.769230769230769
3254,6.769230769230769
3255,6.769230769230769
3256,
3257,6.769230769230769
3258,6.769230769230769
3259,6.769230769230769
3260,
3261,
3262,
3263,1.2657809203398527
3264,1.2227378552789887
3265,2.3851503006550696
3266,2.1573873366011926
3267,1.0373970417543399
3268,1.1901959656756558
3269,1.0703764320785596
3270,1.6635310181493022
3271,1.5955179762150264
3272,2.133607952001433
3273,2.4459509777486743
3274,0.857107294000498
3275,1.2128205128205123
3276,0.5424063116370808
3277,
3278,
3279,
3280,
3281,0.12795936757598084
3282,
3283,
3284,
3285,0.6036353583523395
3286,0.8840413318025258
3287,0.6594126240491662
3288,0.2893457117595048
3289,0.47437347173494926
3290,0.47437347173494926
3291,0.29396894185626576
3292,0.29396894185626576
3293,0.29396894185626576
3294,0.29308122045552215
3295,0.7252747252747253
3296,
3297,
3298,
3299,
3300,
3301,6.769230769230769
3302,
3303,6.769230769230769
3304,6.769230769230769
3305,6.769230769230772
3306,6.769230769230769
3307,6.769230769230769
3308,6.769230769230769
3309,6.769230769230769
3310,
3311,
3312,
3313,
3314,
3315,
3316,
3317,3.6889697188329817
3318,4.427840708685046
3319,3.3028670532948015
3320,3.0692776422380463
3321,3.4765886287625416
3322,4.8863170089376124
3323,3.5860307411840715
3324,4.01987767584098
3325,3.032012209561155
3326,2.9262762630025794
3327,2.567834507608661
3328,2.263300206874954
3329,2.874532548720772
3330,1.8343195266272188
3331,1.184714523906088
3332,
3333,0.7252747252747253
3334,
3335,
3336,
