0,1,2,3,4,5,6,7,8,9,10,11,12,13,14,15,16,17,18,19,20,21,22,23,24,25,26,27,28,29,30,31,32,33,34,35,36,37,38,39,40,41,42,43,44,45,46,47,48,49,50,51,52,53,54,55,56,57,58,59,60,61,62,63,64,65,66,67,68,69,70,71,72,73,74,75,76,77,78,79,80,81,82,83,84,85,86,87,88,89,90,91,92,93,94,95,96,97,98,99
23.0,10.0,9.0,73.0,268.0,311.0,266.0,236.0,221.0,218.0,214.0,191.0,177.0,208.0,172.0,81.0,89.7,77.3,58.9,41.2,27.9,3580.0,3230.0,5260.0,6300.0,4990.0,4700.0,4660.0,4950.0,3730.0,6.54,5.73,4.84,3.56,3.11,5.49,3.22,3.52,3.33,50.4,335.0,274.0,247.0,7.81,6.14,6.31,6.0,2250.0,-0.292,-0.247,37.0,5.53,-0.057,-0.114,-0.10099999999999999,-0.0646,0.27899999999999997,0.58,0.713,0.603,23.0,16.0,19.0,0.0,0.222,0.222,0.0278,25.3,0.721,0.9990000000000001,0.9620000000000001,1.0,0.0,1.0,1.28,8.88,1.28,8.88,8.88,0.387,0.735,0.368,2.77,1.2,-2.7,0.0,0.0,17.3,8.88,0.0,2.18,1.2,4.11,6.16,0.5670000000000001,18.1,1.39,17.6,2.91,0.0326
57.0,24.0,22.0,651.0,834.0,1280.0,1730.0,1900.0,1830.0,695.0,1430.0,1560.0,1490.0,683.0,1480.0,175.0,241.0,275.0,273.0,243.0,199.0,9320.0,8910.0,15800.0,23700.0,33500.0,37000.0,36800.0,33100.0,24700.0,9.65,8.68,8.19,7.85,6.74,8.23,3.96,3.74,5.33,24.4,271.0,254.0,235.0,8.17,6.74,6.73,6.67,2630.0,-2.29,-2.56,79.2,14.8,-0.192,-0.19699999999999998,-0.20600000000000002,-0.209,0.23199999999999998,0.687,0.838,0.925,60.0,49.0,52.0,2.0,0.409,0.409,0.087,64.4,0.639,1.03,1.0,0.0,0.0,6.0,0.0,66.3,0.0,11.5,10.3,0.282,0.701,0.27,4.19,1.74,-0.547,32.6,14.1,18.1,66.3,-1.87,1.25,1.32,2.38,9.08,0.598,46.4,1.41,27.8,-1.4,0.0386
38.0,18.0,16.0,228.0,519.0,598.0,704.0,636.0,502.0,424.0,561.0,502.0,398.0,416.0,388.0,117.0,142.0,138.0,122.0,98.7,69.6,6100.0,5820.0,10700.0,11800.0,15100.0,13900.0,10500.0,8490.0,7100.0,5.8,6.13,4.84,3.97,2.46,2.39,2.73,2.41,2.11,23.3,268.0,233.0,233.0,7.34,5.94,5.84,5.72,2060.0,0.345,0.295,62.9,-17.2,-0.14400000000000002,0.07400000000000001,0.141,0.126,-0.0258,1.12,0.96,0.95,40.0,24.0,33.0,0.0,0.25,0.25,0.0823,42.5,0.64,0.988,0.95,0.0,0.0,0.0,0.0,0.0,0.0,0.0,0.0,0.27899999999999997,0.579,0.263,3.78,2.21,-5.09,24.3,33.1,0.0,1.21,0.0,0.0,4.68,4.47,13.9,0.41200000000000003,32.7,1.64,25.1,2.5,0.028999999999999998
36.0,14.0,15.0,244.0,494.0,720.0,783.0,706.0,625.0,414.0,638.0,572.0,505.0,406.0,503.0,103.0,121.0,115.0,102.0,86.8,69.8,5790.0,5590.0,8910.0,13400.0,15300.0,14000.0,12500.0,10300.0,8040.0,10.3,9.26,8.56,7.11,5.48,7.95,4.33,4.14,4.54,22.9,279.0,263.0,213.0,8.16,6.89,6.65,6.6,1640.0,-2.1,-2.33,48.1,14.2,-0.282,-0.262,-0.275,-0.275,0.28600000000000003,0.816,0.723,0.805,38.0,26.0,32.0,3.0,0.2,0.2,0.0657,40.4,0.6609999999999999,1.04,1.01,1.0,0.0,6.0,0.064,57.9,0.064,10.2,9.36,0.293,0.631,0.278,3.65,1.91,-0.955,12.1,0.0,17.2,57.9,-1.92,0.0,0.0,2.6,17.0,0.5770000000000001,31.8,1.45,15.8,1.25,0.0322
33.0,10.0,15.0,221.0,431.0,614.0,669.0,588.0,506.0,366.0,557.0,487.0,420.0,360.0,418.0,95.5,109.0,100.0,89.1,76.5,64.5,5230.0,5130.0,7440.0,10700.0,12200.0,10900.0,9320.0,8270.0,7300.0,13.2,11.9,12.4,11.5,9.38,10.1,5.04,5.0,6.38,30.2,299.0,299.0,253.0,8.69,7.29,7.24,7.21,1350.0,-2.53,-2.81,45.1,15.2,-0.318,-0.304,-0.33299999999999996,-0.326,0.337,0.5720000000000001,0.579,0.6779999999999999,35.0,17.0,27.0,0.0,0.0,0.0,0.0549,36.8,0.71,1.06,1.04,0.0,0.0,6.0,0.0,57.8,0.0,9.99,9.29,0.304,0.561,0.28300000000000003,3.51,2.21,-2.05,18.2,0.0,0.0,57.3,0.0,0.0,0.0,1.65,13.4,0.63,31.9,1.39,12.6,1.69,0.0362
32.0,10.0,15.0,206.0,418.0,586.0,624.0,558.0,477.0,355.0,520.0,462.0,394.0,348.0,391.0,93.9,106.0,96.8,85.1,74.2,60.9,5050.0,4950.0,7290.0,10400.0,11500.0,10300.0,8990.0,7770.0,6250.0,12.6,11.4,11.5,10.4,9.6,9.34,4.81,4.85,6.64,27.8,299.0,295.0,248.0,8.55,7.15,7.12,7.08,1350.0,-2.0,-2.22,43.9,13.0,-0.28600000000000003,-0.263,-0.28800000000000003,-0.282,0.29100000000000004,0.6409999999999999,0.614,0.703,34.0,16.0,26.0,0.0,0.0,0.0,0.0576,35.5,0.71,1.05,1.03,0.0,0.0,5.0,0.0,48.2,0.0,9.98,9.27,0.303,0.574,0.281,3.48,2.13,-2.49,12.1,0.0,0.0,47.9,0.0,0.0,0.0,2.52,15.5,0.579,31.8,1.45,12.6,1.99,0.035
50.0,18.0,21.0,373.0,727.0,1060.0,1110.0,1030.0,912.0,611.0,920.0,843.0,751.0,603.0,746.0,141.0,165.0,157.0,148.0,140.0,135.0,8030.0,7760.0,12900.0,19500.0,20900.0,19500.0,17300.0,16400.0,16300.0,11.6,10.0,9.6,8.69,7.79,8.61,4.29,4.55,5.68,24.9,283.0,259.0,212.0,8.57,7.08,7.07,7.05,2190.0,-2.41,-2.77,67.0,9.76,-0.228,-0.218,-0.213,-0.218,0.154,0.7829999999999999,0.777,0.9420000000000001,53.0,34.0,44.0,4.0,0.23800000000000002,0.23800000000000002,0.091,56.0,0.675,1.05,1.03,0.0,0.0,6.0,0.0,59.5,0.0,10.3,9.13,0.272,0.659,0.258,4.11,1.93,-1.16,0.0,0.0,0.0,59.2,-9.56,0.0,0.0,7.48,17.9,0.634,44.7,1.4,25.0,0.142,0.0303
53.0,20.0,21.0,433.0,767.0,1120.0,1220.0,1120.0,997.0,644.0,999.0,918.0,826.0,634.0,819.0,146.0,173.0,169.0,161.0,164.0,177.0,8590.0,8280.0,13700.0,20600.0,23100.0,21500.0,18600.0,19800.0,22600.0,11.4,9.96,9.57,8.82,7.34,8.55,4.37,4.33,5.43,25.2,276.0,255.0,213.0,8.5,7.08,6.99,6.96,2330.0,-3.16,-3.61,69.8,13.4,-0.27399999999999997,-0.259,-0.255,-0.26,0.201,0.745,0.7759999999999999,0.938,56.0,38.0,48.0,4.0,0.28600000000000003,0.28600000000000003,0.0806,59.7,0.66,1.05,1.03,0.0,0.0,8.0,0.0,79.6,0.0,10.3,9.63,0.27,0.623,0.257,4.18,2.16,-0.888,19.1,0.0,6.92,79.1,-7.59,1.39,0.47100000000000003,1.46,16.1,0.67,44.6,1.35,26.1,0.19399999999999998,0.0273
33.0,12.0,16.0,208.0,441.0,556.0,591.0,580.0,494.0,369.0,491.0,476.0,401.0,362.0,396.0,95.4,107.0,100.0,93.9,83.2,68.6,5170.0,5000.0,8060.0,10200.0,10900.0,11000.0,9850.0,8120.0,7490.0,10.6,9.89,9.35,9.24,8.38,6.42,4.02,3.94,5.5,25.6,292.0,267.0,243.0,8.33,6.71,6.92,6.85,1550.0,-0.65,-0.7659999999999999,45.3,2.55,-0.17,-0.127,-0.113,-0.12,0.0624,0.75,0.787,0.9109999999999999,35.0,17.0,27.0,0.0,0.0625,0.0625,0.0648,36.5,0.6920000000000001,1.03,1.0,0.0,0.0,2.0,0.0,19.6,0.0,9.84,9.79,0.287,0.63,0.267,3.59,1.87,-4.04,0.0,7.11,0.0,19.6,0.0,0.0,1.03,6.96,15.2,0.445,33.5,1.6,16.4,2.88,0.0401
29.0,10.0,15.0,164.0,379.0,509.0,501.0,423.0,352.0,319.0,413.0,346.0,289.0,312.0,285.0,89.2,97.0,84.1,73.3,62.7,52.0,4490.0,4390.0,6830.0,9500.0,9490.0,8250.0,6770.0,5870.0,5270.0,10.6,9.97,9.48,8.22,7.15,6.71,4.04,4.0,4.61,24.1,302.0,283.0,234.0,8.21,6.66,6.76,6.7,1350.0,-0.629,-0.701,39.8,5.58,-0.17600000000000002,-0.129,-0.134,-0.135,0.133,0.672,0.716,0.789,31.0,13.0,23.0,0.0,0.0,0.0,0.0676,31.9,0.7090000000000001,1.03,1.0,0.0,0.0,2.0,0.0,19.2,0.0,9.77,9.46,0.29100000000000004,0.56,0.268,3.44,2.14,-3.77,12.1,0.0,0.0,19.5,0.0,0.0,0.0,8.36,16.4,0.39,31.6,1.66,12.6,2.87,0.0372
32.0,10.0,15.0,197.0,418.0,585.0,620.0,533.0,427.0,355.0,514.0,438.0,351.0,348.0,348.0,93.9,106.0,95.8,82.2,68.8,59.0,5050.0,4950.0,7290.0,10400.0,11500.0,10200.0,8190.0,6850.0,6370.0,12.6,11.4,11.3,9.83,8.55,9.34,4.8,4.88,6.36,27.3,299.0,295.0,246.0,8.49,7.15,7.04,7.0,1350.0,-2.0,-2.22,43.9,13.0,-0.287,-0.263,-0.28800000000000003,-0.282,0.29100000000000004,0.69,0.614,0.703,34.0,16.0,26.0,0.0,0.0,0.0,0.0564,35.5,0.71,1.05,1.03,0.0,0.0,5.0,0.0,47.5,0.0,9.69,9.32,0.303,0.574,0.281,3.48,2.13,-2.49,12.1,0.0,0.0,47.4,0.0,0.0,0.0,2.6,17.0,0.5770000000000001,31.8,1.45,12.6,1.99,0.0328
24.0,11.0,10.0,93.0,322.0,353.0,377.0,344.0,227.0,265.0,306.0,271.0,180.0,261.0,179.0,64.3,68.5,62.3,44.7,27.9,18.2,3880.0,3690.0,6300.0,7020.0,7740.0,7630.0,4850.0,3360.0,3110.0,7.58,7.08,5.93,4.61,3.53,4.12,3.41,3.14,3.04,18.8,263.0,229.0,209.0,7.7,6.3,6.24,6.16,1190.0,-0.297,-0.375,34.6,-0.679,-0.171,-0.125,-0.0929,-0.109,0.0268,1.12,0.9109999999999999,1.02,25.0,15.0,21.0,0.0,0.2,0.2,0.0912,27.0,0.632,1.01,0.9740000000000001,1.0,0.0,1.0,0.0488,9.03,0.0488,9.03,9.03,0.33399999999999996,0.779,0.315,3.05,1.02,-2.63,18.2,7.11,5.56,10.0,1.81,0.0488,1.19,3.62,10.4,0.4370000000000001,20.7,1.59,13.3,1.67,0.036000000000000004
30.0,10.0,15.0,173.0,392.0,534.0,546.0,475.0,375.0,331.0,453.0,389.0,306.0,324.0,302.0,90.8,100.0,88.6,76.8,64.2,52.1,4680.0,4580.0,6980.0,9800.0,10100.0,9150.0,7320.0,5860.0,5050.0,11.3,10.5,10.2,9.12,8.34,7.65,4.31,4.27,5.93,25.6,301.0,287.0,240.0,8.4,6.84,6.97,6.92,1350.0,-1.05,-1.16,41.2,8.23,-0.215,-0.17600000000000002,-0.19,-0.188,0.19,0.6459999999999999,0.682,0.758,32.0,14.0,24.0,0.0,0.0,0.0,0.0648,33.1,0.7090000000000001,1.04,1.01,0.0,0.0,3.0,0.0,28.6,0.0,9.71,9.43,0.297,0.5760000000000001,0.27399999999999997,3.45,2.08,-3.34,0.0,0.0,0.0,28.5,0.0,0.0,0.0,7.48,15.0,0.45799999999999996,31.7,1.58,12.6,2.58,0.032
70.0,24.0,32.0,526.0,958.0,1240.0,1370.0,1410.0,1280.0,806.0,1130.0,1150.0,1050.0,789.0,1040.0,233.0,275.0,273.0,253.0,219.0,199.0,11100.0,10800.0,17500.0,24000.0,26900.0,28000.0,25900.0,22800.0,19600.0,9.98,8.11,9.43,6.89,6.24,6.73,3.3,5.43,4.0,25.7,306.0,282.0,245.0,7.98,6.63,6.59,6.49,3300.0,-0.664,-1.18,120.0,26.2,-0.32799999999999996,0.0802,-0.0678,-0.109,-0.0148,0.636,0.748,1.12,75.0,35.0,53.0,0.0,0.0,0.0,0.147,77.8,0.71,1.03,1.0,0.0,0.0,2.0,0.0,19.4,0.0,9.72,9.72,0.294,0.511,0.273,4.33,2.99,-8.38,47.5,11.5,0.0,18.1,0.0,0.0,0.0,21.5,39.5,0.5720000000000001,68.2,1.48,38.5,8.15,0.0328
33.0,10.0,15.0,218.0,431.0,613.0,665.0,583.0,501.0,366.0,553.0,482.0,414.0,360.0,412.0,95.5,109.0,100.0,87.9,75.6,64.0,5230.0,5130.0,7440.0,10700.0,12200.0,10800.0,9360.0,8080.0,7110.0,13.2,11.9,12.2,11.2,9.26,10.1,5.03,5.05,6.62,29.5,299.0,299.0,252.0,8.63,7.29,7.18,7.15,1350.0,-2.53,-2.81,45.1,15.2,-0.318,-0.304,-0.33299999999999996,-0.326,0.337,0.616,0.579,0.6779999999999999,35.0,17.0,27.0,0.0,0.0,0.0,0.0544,36.8,0.71,1.06,1.04,0.0,0.0,6.0,0.0,57.5,0.0,9.99,9.33,0.304,0.561,0.28300000000000003,3.51,2.21,-2.05,12.1,0.0,0.0,57.2,0.0,0.0,0.0,1.46,14.3,0.629,31.9,1.39,12.6,1.69,0.0329
32.0,10.0,15.0,204.0,418.0,587.0,622.0,540.0,461.0,355.0,516.0,446.0,380.0,348.0,378.0,93.9,106.0,96.1,84.2,72.5,60.6,5050.0,4950.0,7290.0,10400.0,11500.0,10100.0,8650.0,7590.0,6440.0,12.6,11.4,11.5,10.4,8.81,9.34,4.81,4.82,6.14,28.0,299.0,295.0,247.0,8.52,7.15,7.07,7.03,1350.0,-2.0,-2.22,43.9,13.0,-0.28600000000000003,-0.263,-0.28800000000000003,-0.282,0.29100000000000004,0.637,0.614,0.703,34.0,16.0,26.0,0.0,0.0,0.0,0.0576,35.5,0.71,1.05,1.03,0.0,0.0,5.0,0.0,47.9,0.0,9.98,9.29,0.303,0.574,0.281,3.48,2.13,-2.49,18.2,0.0,0.0,47.6,0.0,0.0,0.0,2.6,15.9,0.578,31.8,1.45,12.6,1.99,0.0332
25.0,10.0,12.0,122.0,344.0,425.0,433.0,361.0,244.0,287.0,352.0,287.0,194.0,280.0,192.0,80.0,87.2,79.2,59.5,37.6,20.4,3980.0,3950.0,6680.0,8490.0,9030.0,7810.0,5340.0,4270.0,1670.0,8.4,8.52,7.31,5.44,3.89,4.49,3.31,3.22,2.89,20.2,287.0,259.0,224.0,7.6,6.27,6.17,6.08,1230.0,-0.207,-0.261,40.0,1.73,-0.0823,-0.0994,-0.08,-0.096,0.0832,0.8109999999999999,0.769,0.8220000000000001,27.0,11.0,21.0,0.0,0.0833,0.0833,0.115,27.9,0.6779999999999999,1.0,0.9740000000000001,0.0,0.0,0.0,0.0,0.0,0.0,0.0,0.0,0.326,0.721,0.3,3.13,1.29,-4.13,25.1,0.0,5.69,2.25,1.91,2.01,1.12,3.58,12.3,0.391,25.3,1.69,12.0,2.32,0.031
60.0,24.0,25.0,513.0,857.0,1070.0,1050.0,1300.0,1450.0,710.0,871.0,1070.0,1180.0,702.0,1170.0,150.0,172.0,197.0,223.0,225.0,211.0,9650.0,8940.0,16200.0,19800.0,19400.0,24600.0,28600.0,26200.0,26200.0,11.0,9.74,7.83,6.88,7.53,7.03,3.8,4.4,3.82,22.4,271.0,223.0,216.0,8.13,6.81,6.75,6.66,2780.0,-0.12300000000000001,-0.3720000000000001,80.1,-15.6,-0.0657,-0.0592,-0.0102,-0.0279,-0.163,0.8009999999999999,1.03,1.29,62.0,45.0,51.0,3.0,0.32,0.32,0.0689,67.3,0.6559999999999999,1.04,1.01,1.0,0.0,0.0,0.0805,0.0,0.0805,0.0,0.0,0.255,0.542,0.243,4.4,2.71,-4.47,12.1,0.0,51.8,0.0,-1.72,6.04,4.52,3.94,22.7,0.573,51.5,1.43,38.8,3.0,0.0284
78.0,41.0,30.0,649.0,1120.0,1510.0,1970.0,2140.0,2020.0,907.0,1570.0,1690.0,1600.0,891.0,1580.0,213.0,275.0,309.0,314.0,308.0,297.0,12700.0,11600.0,22600.0,30700.0,41800.0,46500.0,43900.0,46800.0,38400.0,6.21,5.74,4.39,3.39,2.33,4.12,2.86,2.72,2.49,16.4,249.0,202.0,188.0,7.54,6.07,6.01,5.94,3960.0,0.251,0.14400000000000002,104.0,-7.91,-0.0282,-0.007890000000000001,0.0269,0.0146,-0.0521,0.878,1.15,1.29,80.0,65.0,72.0,5.0,0.5670000000000001,0.5670000000000001,0.0827,88.1,0.5920000000000001,0.998,0.9570000000000001,5.0,0.0,0.0,3.39,0.0,1.03,0.0,0.0,0.22,0.532,0.214,4.9,2.94,-7.34,63.0,13.7,67.2,3.68,2.97,12.9,9.73,10.0,24.8,0.35700000000000004,60.6,1.64,49.5,5.65,0.0275
63.0,28.0,28.0,535.0,935.0,1240.0,1430.0,1380.0,1380.0,770.0,1150.0,1120.0,1110.0,757.0,1100.0,187.0,231.0,248.0,242.0,219.0,187.0,10000.0,9550.0,18000.0,23200.0,28700.0,27700.0,27900.0,25600.0,17800.0,8.6,8.33,6.87,5.95,4.78,4.4,3.18,3.2,3.03,21.2,273.0,235.0,224.0,7.75,6.36,6.28,6.19,3170.0,0.265,0.113,85.3,-8.57,-0.0786,-0.0211,0.0284,0.0112,-0.0742,0.871,0.981,1.15,67.0,47.0,57.0,2.0,0.35700000000000004,0.35700000000000004,0.0942,70.3,0.644,1.01,0.978,1.0,2.0,0.0,0.4320000000000001,0.0,0.4320000000000001,0.0,0.0,0.233,0.5820000000000001,0.222,4.59,2.5,-7.39,63.6,7.11,45.7,0.41600000000000004,5.32,9.06,7.21,6.14,25.1,0.38799999999999996,58.3,1.66,38.5,5.3,0.0282
29.0,10.0,15.0,167.0,379.0,509.0,498.0,424.0,378.0,319.0,410.0,349.0,310.0,312.0,306.0,89.2,97.0,84.2,74.1,65.6,52.9,4490.0,4390.0,6830.0,9500.0,9490.0,8040.0,7260.0,6420.0,4960.0,10.6,9.97,9.52,8.41,7.3,6.71,4.04,4.0,4.65,24.1,302.0,283.0,234.0,8.17,6.66,6.73,6.66,1350.0,-0.629,-0.701,39.8,5.58,-0.17600000000000002,-0.129,-0.134,-0.135,0.133,0.662,0.716,0.789,31.0,13.0,23.0,0.0,0.0,0.0,0.0689,31.9,0.7090000000000001,1.03,1.0,0.0,0.0,2.0,0.0,19.4,0.0,9.95,9.43,0.29100000000000004,0.56,0.268,3.44,2.14,-3.77,12.1,0.0,0.0,19.6,0.0,0.0,0.0,7.93,16.8,0.39,31.6,1.66,12.6,2.87,0.0305
60.0,31.0,24.0,504.0,852.0,1170.0,1500.0,1650.0,1540.0,693.0,1190.0,1290.0,1210.0,680.0,1200.0,171.0,220.0,247.0,247.0,233.0,214.0,9730.0,8960.0,17100.0,23700.0,32100.0,36900.0,33800.0,34100.0,28500.0,6.13,5.82,4.34,3.06,2.15,4.02,2.88,2.78,2.22,16.0,255.0,211.0,192.0,7.41,6.04,5.89,5.8,3080.0,-0.00451,-0.08199999999999999,81.5,3.35,-0.0536,-0.0244,-0.000678,-0.0118,0.0101,0.9279999999999999,1.08,1.17,62.0,48.0,55.0,4.0,0.5,0.5,0.0827,67.6,0.6,0.996,0.956,5.0,0.0,0.0,3.8,0.0,1.1,0.0,0.0,0.23399999999999999,0.579,0.226,4.53,2.49,-6.1,63.1,6.61,53.4,0.861,3.28,9.34,7.39,9.99,22.6,0.319,49.1,1.69,35.7,4.83,0.0338
42.0,16.0,18.0,231.0,534.0,738.0,773.0,700.0,630.0,447.0,627.0,567.0,516.0,439.0,514.0,110.0,124.0,115.0,101.0,88.8,82.9,6720.0,6270.0,9680.0,13900.0,15300.0,14000.0,12100.0,10900.0,9970.0,10.6,9.19,8.23,6.18,4.75,8.68,4.46,4.89,4.05,21.4,280.0,254.0,205.0,8.05,6.88,6.53,6.47,1920.0,-1.75,-1.95,56.5,10.4,-0.215,-0.19899999999999998,-0.207,-0.207,0.185,0.8079999999999999,0.797,0.897,43.0,28.0,34.0,2.0,0.111,0.111,0.0481,47.0,0.6679999999999999,1.04,1.01,1.0,2.0,5.0,-0.20600000000000002,46.5,-0.20600000000000002,9.43,9.19,0.28,0.62,0.265,3.88,2.05,-1.27,41.5,0.0,11.1,46.5,0.565,0.0,0.0,8.26,20.3,0.547,37.3,1.43,19.5,1.76,0.0228
58.0,31.0,25.0,607.0,873.0,1310.0,1720.0,1760.0,1450.0,711.0,1370.0,1370.0,1140.0,695.0,1120.0,193.0,268.0,298.0,282.0,232.0,202.0,9300.0,8850.0,17700.0,26700.0,37200.0,39700.0,32600.0,24700.0,26000.0,4.66,5.03,3.86,2.92,2.06,2.5,2.41,2.17,2.05,15.9,262.0,225.0,201.0,7.3,5.75,5.79,5.69,3130.0,0.1,0.0563,80.5,0.774,-0.136,-0.0118,0.0286,0.0171,0.0669,1.24,1.02,1.05,62.0,50.0,56.0,5.0,0.52,0.52,0.124,64.9,0.601,0.9790000000000001,0.9359999999999999,6.0,0.0,1.0,6.07,11.5,1.14,11.5,11.5,0.20600000000000002,0.512,0.19899999999999998,4.65,2.86,-5.8,58.9,13.1,73.4,11.5,3.99,8.65,5.85,19.9,29.8,0.15,52.5,1.94,32.8,4.84,0.032
137.0,74.0,49.0,1370.0,2160.0,3010.0,3690.0,4070.0,4320.0,1760.0,2970.0,3240.0,3440.0,1740.0,3400.0,372.0,482.0,559.0,607.0,643.0,685.0,22500.0,20800.0,42600.0,60100.0,75800.0,85400.0,91700.0,95200.0,102000.0,6.15,5.47,4.45,3.86,3.17,3.38,2.67,2.65,2.74,17.2,242.0,196.0,179.0,7.81,6.15,6.27,6.21,6760.0,0.57,0.2,173.0,-21.5,-0.124,-0.0283,0.028999999999999998,0.00948,-0.0937,1.13,1.21,1.42,143.0,137.0,137.0,19.0,0.7759999999999999,0.7759999999999999,0.239,155.0,0.5770000000000001,1.0,0.9620000000000001,7.0,7.0,2.0,3.1,23.2,0.945,12.7,10.5,0.19,0.445,0.187,5.75,3.94,-4.1,62.8,27.9,93.9,23.2,9.95,16.4,17.8,14.5,47.3,0.43799999999999994,101.0,1.6,94.2,6.03,0.0229
68.0,40.0,26.0,591.0,1030.0,1540.0,1990.0,1810.0,2230.0,832.0,1550.0,1440.0,1720.0,816.0,1700.0,206.0,274.0,295.0,311.0,315.0,274.0,11100.0,10300.0,21400.0,32700.0,45200.0,39100.0,51800.0,42600.0,39700.0,3.35,3.52,2.51,1.73,1.18,1.9,2.14,1.9,1.67,12.5,240.0,197.0,163.0,7.26,5.64,5.66,5.6,3570.0,0.541,0.486,90.4,-11.4,-0.10800000000000001,0.102,0.14400000000000002,0.14,-0.0274,1.37,1.21,1.28,71.0,64.0,67.0,8.0,0.6920000000000001,0.6920000000000001,0.19699999999999998,76.8,0.563,0.9740000000000001,0.927,8.0,2.0,0.0,10.2,0.0,1.4,0.0,0.0,0.191,0.47,0.18600000000000005,4.93,3.23,-5.76,43.4,20.6,57.9,0.0,13.9,7.18,11.2,20.5,21.8,0.154,53.1,1.9,44.1,5.83,0.0294
58.0,29.0,23.0,396.0,828.0,1130.0,1200.0,1230.0,1210.0,680.0,960.0,976.0,961.0,669.0,947.0,158.0,190.0,195.0,198.0,193.0,172.0,9710.0,8880.0,17100.0,24200.0,25900.0,27200.0,26900.0,27100.0,21700.0,6.79,5.9,4.28,2.84,2.17,5.0,2.93,2.88,2.52,14.6,253.0,204.0,171.0,7.5,6.23,6.0,5.92,2930.0,0.0928,-0.00186,125.0,-18.5,-0.00759,-0.0152,0.0103,-0.000188,-0.0529,0.909,1.09,1.2,60.0,47.0,53.0,2.0,0.435,0.435,0.106,66.2,0.606,1.0,0.9670000000000001,8.0,0.0,0.0,6.68,0.0,0.973,0.0,0.0,0.259,0.535,0.25,4.34,2.72,-6.02,61.7,39.3,36.8,2.85,1.87,6.74,1.89,25.5,23.0,0.402,47.1,1.63,36.2,4.22,0.0183
73.0,39.0,29.0,594.0,1070.0,1490.0,1820.0,1930.0,1800.0,872.0,1450.0,1520.0,1420.0,856.0,1400.0,212.0,271.0,293.0,289.0,278.0,274.0,11800.0,10900.0,21900.0,31100.0,39200.0,43100.0,39800.0,40600.0,35200.0,5.53,5.33,3.9,2.7,1.93,3.4,2.6,2.45,2.21,14.8,251.0,203.0,180.0,7.41,5.94,5.88,5.8,3780.0,0.415,0.335,98.3,-9.95,-0.00406,0.0162,0.0576,0.0451,-0.0367,0.9490000000000001,1.13,1.24,76.0,62.0,69.0,7.0,0.586,0.586,0.162,82.2,0.5920000000000001,0.99,0.948,10.0,0.0,0.0,9.66,0.0,1.24,0.0,0.0,0.214,0.509,0.20800000000000002,4.86,3.04,-7.11,88.5,19.7,72.6,0.8540000000000001,7.23,11.5,9.67,19.0,27.1,0.289,59.4,1.75,46.0,6.35,0.0282
62.0,32.0,24.0,660.0,893.0,1030.0,1420.0,1770.0,1780.0,723.0,1150.0,1430.0,1440.0,714.0,1420.0,159.0,215.0,267.0,291.0,291.0,270.0,10100.0,9280.0,18000.0,19800.0,28300.0,35600.0,35400.0,42900.0,37900.0,6.9,6.48,5.39,6.41,4.31,2.92,3.0,2.59,2.64,21.7,246.0,202.0,232.0,7.63,6.16,6.21,6.1,3130.0,0.523,0.355,80.6,-16.2,0.0292,-0.00774,0.0624,0.0397,-0.16399999999999998,1.04,1.16,1.38,64.0,52.0,58.0,2.0,0.5,0.5,0.0361,69.9,0.596,1.0,0.963,2.0,0.0,0.0,1.76,0.0,0.879,0.0,0.0,0.226,0.4370000000000001,0.22,4.61,3.35,-6.71,47.9,42.7,25.0,0.0,1.76,4.56,6.49,1.77,17.3,0.382,49.0,1.63,42.5,4.78,0.0332
45.0,22.0,21.0,448.0,674.0,908.0,1030.0,1180.0,1210.0,554.0,839.0,947.0,945.0,542.0,929.0,152.0,189.0,212.0,221.0,198.0,137.0,7150.0,7010.0,13600.0,18900.0,21400.0,25300.0,27000.0,21800.0,12700.0,5.51,6.2,5.19,3.88,3.13,2.15,2.51,2.27,2.1,17.0,272.0,236.0,208.0,7.38,5.81,5.99,5.87,2430.0,0.382,0.336,67.0,-10.2,0.0811,0.13,0.161,0.157,-0.00949,1.05,0.9420000000000001,1.0,49.0,33.0,42.0,3.0,0.33299999999999996,0.33299999999999996,0.317,50.1,0.633,0.98,0.941,5.0,0.0,0.0,6.08,0.0,1.29,0.0,0.0,0.222,0.55,0.21,4.27,2.47,-4.97,43.0,13.1,29.7,1.45,3.69,2.39,2.94,22.6,21.2,0.19399999999999998,44.3,1.93,25.5,4.07,0.0275
74.0,32.0,33.0,569.0,1040.0,1330.0,1530.0,1500.0,1480.0,861.0,1240.0,1220.0,1200.0,847.0,1190.0,213.0,252.0,260.0,251.0,245.0,243.0,11800.0,11300.0,20100.0,25900.0,31100.0,30000.0,29800.0,29500.0,31600.0,8.57,8.23,6.92,5.35,4.67,4.73,3.32,3.48,3.16,19.8,274.0,236.0,214.0,7.76,6.36,6.29,6.21,3680.0,-0.0337,-0.217,106.0,-7.49,-0.0725,-0.0421,-0.00329,-0.0196,-0.0431,0.816,0.945,1.09,78.0,48.0,64.0,2.0,0.242,0.242,0.158,82.7,0.6509999999999999,1.01,0.9790000000000001,1.0,0.0,0.0,0.158,0.0,0.158,0.0,0.0,0.242,0.594,0.231,4.7,2.52,-9.06,74.7,7.11,31.9,4.28,1.22,6.94,6.95,13.0,34.5,0.413,68.4,1.63,42.8,6.3,0.0274
82.0,43.0,34.0,844.0,1300.0,1830.0,2400.0,2480.0,2320.0,1060.0,1900.0,1950.0,1830.0,1040.0,1810.0,273.0,373.0,416.0,395.0,359.0,329.0,13200.0,12600.0,26300.0,37300.0,51700.0,54500.0,51500.0,44500.0,45200.0,5.66,5.59,4.29,3.15,2.22,2.8,2.46,2.25,1.97,15.9,260.0,220.0,199.0,7.27,5.92,5.77,5.67,4310.0,0.598,0.48200000000000004,112.0,-7.37,0.0124,0.0248,0.0773,0.0612,-0.00804,1.06,1.07,1.17,88.0,79.0,82.0,10.0,0.7190000000000001,0.6759999999999999,0.48100000000000004,92.1,0.601,0.9890000000000001,0.9470000000000001,11.0,1.0,0.0,11.3,0.0,1.3,0.0,0.0,0.205,0.488,0.19899999999999998,5.05,3.26,-7.11,112.0,27.5,89.3,0.0,12.1,8.67,12.9,19.6,33.6,0.255,71.6,1.84,50.9,6.49,0.0312
